2025-01-26 00:05:25 [restartedMain] INFO  c.p.c.CrudPulsarApplicationKt - Starting CrudPulsarApplicationKt using Java 17.0.12 with PID 90473 (/Users/uttam.gowda/IdeaProjects/crud-pulsar/build/classes/kotlin/main started by uttam.gowda in /Users/uttam.gowda/IdeaProjects/crud-pulsar)
2025-01-26 00:05:25 [restartedMain] INFO  c.p.c.CrudPulsarApplicationKt - No active profile set, falling back to 1 default profile: "default"
2025-01-26 00:05:25 [restartedMain] INFO  o.s.b.d.restart.ChangeableUrls - The Class-Path manifest attribute in /Users/uttam.gowda/.gradle/caches/modules-2/files-2.1/org.springframework.pulsar/spring-pulsar-cache-provider-caffeine/1.2.1/c2b0ff3dd061069d916cb1df19e539eda19562e0/spring-pulsar-cache-provider-caffeine-1.2.1.jar referenced one or more files that do not exist: file:/Users/uttam.gowda/.gradle/caches/modules-2/files-2.1/org.springframework.pulsar/spring-pulsar-cache-provider-caffeine/1.2.1/c2b0ff3dd061069d916cb1df19e539eda19562e0/spring-pulsar-cache-provider-1.2.1.jar
2025-01-26 00:05:25 [restartedMain] INFO  o.s.b.d.e.DevToolsPropertyDefaultsPostProcessor - Devtools property defaults active! Set 'spring.devtools.add-properties' to 'false' to disable
2025-01-26 00:05:25 [restartedMain] INFO  o.s.b.d.e.DevToolsPropertyDefaultsPostProcessor - For additional web related logging consider setting the 'logging.level.web' property to 'DEBUG'
2025-01-26 00:05:25 [restartedMain] INFO  o.s.d.r.c.RepositoryConfigurationDelegate - Bootstrapping Spring Data JPA repositories in DEFAULT mode.
2025-01-26 00:05:25 [restartedMain] INFO  o.s.d.r.c.RepositoryConfigurationDelegate - Finished Spring Data repository scanning in 34 ms. Found 1 JPA repository interface.
2025-01-26 00:05:26 [restartedMain] INFO  o.s.b.w.e.tomcat.TomcatWebServer - Tomcat initialized with port 8080 (http)
2025-01-26 00:05:26 [restartedMain] INFO  o.a.catalina.core.StandardService - Starting service [Tomcat]
2025-01-26 00:05:26 [restartedMain] INFO  o.a.catalina.core.StandardEngine - Starting Servlet engine: [Apache Tomcat/10.1.34]
2025-01-26 00:05:26 [restartedMain] INFO  o.a.c.c.C.[Tomcat].[localhost].[/] - Initializing Spring embedded WebApplicationContext
2025-01-26 00:05:26 [restartedMain] INFO  o.s.b.w.s.c.ServletWebServerApplicationContext - Root WebApplicationContext: initialization completed in 1099 ms
2025-01-26 00:05:26 [restartedMain] INFO  o.h.jpa.internal.util.LogHelper - HHH000204: Processing PersistenceUnitInfo [name: default]
2025-01-26 00:05:26 [restartedMain] INFO  org.hibernate.Version - HHH000412: Hibernate ORM core version 6.6.4.Final
2025-01-26 00:05:26 [restartedMain] INFO  o.h.c.i.RegionFactoryInitiator - HHH000026: Second-level cache disabled
2025-01-26 00:05:26 [restartedMain] INFO  o.s.o.j.p.SpringPersistenceUnitInfo - No LoadTimeWeaver setup: ignoring JPA class transformer
2025-01-26 00:05:26 [restartedMain] INFO  com.zaxxer.hikari.HikariDataSource - HikariPool-1 - Starting...
2025-01-26 00:05:27 [restartedMain] WARN  o.h.e.jdbc.spi.SqlExceptionHelper - SQL Error: 0, SQLState: 08001
2025-01-26 00:05:27 [restartedMain] ERROR o.h.e.jdbc.spi.SqlExceptionHelper - The connection attempt failed.
2025-01-26 00:05:27 [restartedMain] WARN  o.h.e.j.e.i.JdbcEnvironmentInitiator - HHH000342: Could not obtain connection to query metadata
org.hibernate.exception.JDBCConnectionException: unable to obtain isolated JDBC connection [The connection attempt failed.] [n/a]
	at org.hibernate.exception.internal.SQLStateConversionDelegate.convert(SQLStateConversionDelegate.java:100)
	at org.hibernate.exception.internal.StandardSQLExceptionConverter.convert(StandardSQLExceptionConverter.java:58)
	at org.hibernate.engine.jdbc.spi.SqlExceptionHelper.convert(SqlExceptionHelper.java:108)
	at org.hibernate.engine.jdbc.spi.SqlExceptionHelper.convert(SqlExceptionHelper.java:94)
	at org.hibernate.resource.transaction.backend.jdbc.internal.JdbcIsolationDelegate.delegateWork(JdbcIsolationDelegate.java:116)
	at org.hibernate.engine.jdbc.env.internal.JdbcEnvironmentInitiator.getJdbcEnvironmentUsingJdbcMetadata(JdbcEnvironmentInitiator.java:320)
	at org.hibernate.engine.jdbc.env.internal.JdbcEnvironmentInitiator.initiateService(JdbcEnvironmentInitiator.java:129)
	at org.hibernate.engine.jdbc.env.internal.JdbcEnvironmentInitiator.initiateService(JdbcEnvironmentInitiator.java:81)
	at org.hibernate.boot.registry.internal.StandardServiceRegistryImpl.initiateService(StandardServiceRegistryImpl.java:130)
	at org.hibernate.service.internal.AbstractServiceRegistryImpl.createService(AbstractServiceRegistryImpl.java:263)
	at org.hibernate.service.internal.AbstractServiceRegistryImpl.initializeService(AbstractServiceRegistryImpl.java:238)
	at org.hibernate.service.internal.AbstractServiceRegistryImpl.getService(AbstractServiceRegistryImpl.java:215)
	at org.hibernate.boot.model.relational.Database.<init>(Database.java:45)
	at org.hibernate.boot.internal.InFlightMetadataCollectorImpl.getDatabase(InFlightMetadataCollectorImpl.java:226)
	at org.hibernate.boot.internal.InFlightMetadataCollectorImpl.<init>(InFlightMetadataCollectorImpl.java:194)
	at org.hibernate.boot.model.process.spi.MetadataBuildingProcess.complete(MetadataBuildingProcess.java:171)
	at org.hibernate.jpa.boot.internal.EntityManagerFactoryBuilderImpl.metadata(EntityManagerFactoryBuilderImpl.java:1431)
	at org.hibernate.jpa.boot.internal.EntityManagerFactoryBuilderImpl.build(EntityManagerFactoryBuilderImpl.java:1502)
	at org.springframework.orm.jpa.vendor.SpringHibernateJpaPersistenceProvider.createContainerEntityManagerFactory(SpringHibernateJpaPersistenceProvider.java:66)
	at org.springframework.orm.jpa.LocalContainerEntityManagerFactoryBean.createNativeEntityManagerFactory(LocalContainerEntityManagerFactoryBean.java:390)
	at org.springframework.orm.jpa.AbstractEntityManagerFactoryBean.buildNativeEntityManagerFactory(AbstractEntityManagerFactoryBean.java:419)
	at org.springframework.orm.jpa.AbstractEntityManagerFactoryBean.afterPropertiesSet(AbstractEntityManagerFactoryBean.java:400)
	at org.springframework.orm.jpa.LocalContainerEntityManagerFactoryBean.afterPropertiesSet(LocalContainerEntityManagerFactoryBean.java:366)
	at org.springframework.beans.factory.support.AbstractAutowireCapableBeanFactory.invokeInitMethods(AbstractAutowireCapableBeanFactory.java:1855)
	at org.springframework.beans.factory.support.AbstractAutowireCapableBeanFactory.initializeBean(AbstractAutowireCapableBeanFactory.java:1804)
	at org.springframework.beans.factory.support.AbstractAutowireCapableBeanFactory.doCreateBean(AbstractAutowireCapableBeanFactory.java:601)
	at org.springframework.beans.factory.support.AbstractAutowireCapableBeanFactory.createBean(AbstractAutowireCapableBeanFactory.java:523)
	at org.springframework.beans.factory.support.AbstractBeanFactory.lambda$doGetBean$0(AbstractBeanFactory.java:336)
	at org.springframework.beans.factory.support.DefaultSingletonBeanRegistry.getSingleton(DefaultSingletonBeanRegistry.java:289)
	at org.springframework.beans.factory.support.AbstractBeanFactory.doGetBean(AbstractBeanFactory.java:334)
	at org.springframework.beans.factory.support.AbstractBeanFactory.getBean(AbstractBeanFactory.java:204)
	at org.springframework.context.support.AbstractApplicationContext.finishBeanFactoryInitialization(AbstractApplicationContext.java:970)
	at org.springframework.context.support.AbstractApplicationContext.refresh(AbstractApplicationContext.java:627)
	at org.springframework.boot.web.servlet.context.ServletWebServerApplicationContext.refresh(ServletWebServerApplicationContext.java:146)
	at org.springframework.boot.SpringApplication.refresh(SpringApplication.java:752)
	at org.springframework.boot.SpringApplication.refreshContext(SpringApplication.java:439)
	at org.springframework.boot.SpringApplication.run(SpringApplication.java:318)
	at org.springframework.boot.SpringApplication.run(SpringApplication.java:1361)
	at org.springframework.boot.SpringApplication.run(SpringApplication.java:1350)
	at com.personal.crud_pulsar.CrudPulsarApplicationKt.main(CrudPulsarApplication.kt:13)
	at java.base/jdk.internal.reflect.NativeMethodAccessorImpl.invoke0(Native Method)
	at java.base/jdk.internal.reflect.NativeMethodAccessorImpl.invoke(NativeMethodAccessorImpl.java:77)
	at java.base/jdk.internal.reflect.DelegatingMethodAccessorImpl.invoke(DelegatingMethodAccessorImpl.java:43)
	at java.base/java.lang.reflect.Method.invoke(Method.java:568)
	at org.springframework.boot.devtools.restart.RestartLauncher.run(RestartLauncher.java:50)
Caused by: org.postgresql.util.PSQLException: The connection attempt failed.
	at org.postgresql.core.v3.ConnectionFactoryImpl.openConnectionImpl(ConnectionFactoryImpl.java:364)
	at org.postgresql.core.ConnectionFactory.openConnection(ConnectionFactory.java:54)
	at org.postgresql.jdbc.PgConnection.<init>(PgConnection.java:273)
	at org.postgresql.Driver.makeConnection(Driver.java:446)
	at org.postgresql.Driver.connect(Driver.java:298)
	at com.zaxxer.hikari.util.DriverDataSource.getConnection(DriverDataSource.java:137)
	at com.zaxxer.hikari.pool.PoolBase.newConnection(PoolBase.java:360)
	at com.zaxxer.hikari.pool.PoolBase.newPoolEntry(PoolBase.java:202)
	at com.zaxxer.hikari.pool.HikariPool.createPoolEntry(HikariPool.java:461)
	at com.zaxxer.hikari.pool.HikariPool.checkFailFast(HikariPool.java:550)
	at com.zaxxer.hikari.pool.HikariPool.<init>(HikariPool.java:98)
	at com.zaxxer.hikari.HikariDataSource.getConnection(HikariDataSource.java:111)
	at org.hibernate.engine.jdbc.connections.internal.DatasourceConnectionProviderImpl.getConnection(DatasourceConnectionProviderImpl.java:126)
	at org.hibernate.engine.jdbc.env.internal.JdbcEnvironmentInitiator$ConnectionProviderJdbcConnectionAccess.obtainConnection(JdbcEnvironmentInitiator.java:467)
	at org.hibernate.resource.transaction.backend.jdbc.internal.JdbcIsolationDelegate.delegateWork(JdbcIsolationDelegate.java:61)
	... 40 common frames omitted
Caused by: java.net.UnknownHostException: host.docker.internal
	at java.base/sun.nio.ch.NioSocketImpl.connect(NioSocketImpl.java:572)
	at java.base/java.net.SocksSocketImpl.connect(SocksSocketImpl.java:327)
	at java.base/java.net.Socket.connect(Socket.java:633)
	at org.postgresql.core.PGStream.createSocket(PGStream.java:260)
	at org.postgresql.core.PGStream.<init>(PGStream.java:121)
	at org.postgresql.core.v3.ConnectionFactoryImpl.tryConnect(ConnectionFactoryImpl.java:140)
	at org.postgresql.core.v3.ConnectionFactoryImpl.openConnectionImpl(ConnectionFactoryImpl.java:268)
	... 54 common frames omitted
2025-01-26 00:05:27 [restartedMain] WARN  org.hibernate.orm.deprecation - HHH90000025: PostgreSQLDialect does not need to be specified explicitly using 'hibernate.dialect' (remove the property setting and it will be selected by default)
2025-01-26 00:05:27 [restartedMain] INFO  o.hibernate.orm.connections.pooling - HHH10001005: Database info:
	Database JDBC URL [Connecting through datasource 'HikariDataSource (null)']
	Database driver: undefined/unknown
	Database version: 12.0
	Autocommit mode: undefined/unknown
	Isolation level: undefined/unknown
	Minimum pool size: undefined/unknown
	Maximum pool size: undefined/unknown
2025-01-26 00:05:28 [restartedMain] INFO  o.h.e.t.j.p.i.JtaPlatformInitiator - HHH000489: No JTA platform available (set 'hibernate.transaction.jta.platform' to enable JTA platform integration)
2025-01-26 00:05:28 [restartedMain] INFO  com.zaxxer.hikari.HikariDataSource - HikariPool-1 - Starting...
2025-01-26 00:05:29 [restartedMain] WARN  o.h.e.jdbc.spi.SqlExceptionHelper - SQL Error: 0, SQLState: 08001
2025-01-26 00:05:29 [restartedMain] ERROR o.h.e.jdbc.spi.SqlExceptionHelper - The connection attempt failed.
2025-01-26 00:05:29 [restartedMain] ERROR o.s.o.j.LocalContainerEntityManagerFactoryBean - Failed to initialize JPA EntityManagerFactory: [PersistenceUnit: default] Unable to build Hibernate SessionFactory; nested exception is org.hibernate.exception.JDBCConnectionException: Unable to open JDBC Connection for DDL execution [The connection attempt failed.] [n/a]
2025-01-26 00:05:29 [restartedMain] WARN  o.s.b.w.s.c.AnnotationConfigServletWebServerApplicationContext - Exception encountered during context initialization - cancelling refresh attempt: org.springframework.beans.factory.BeanCreationException: Error creating bean with name 'entityManagerFactory' defined in class path resource [org/springframework/boot/autoconfigure/orm/jpa/HibernateJpaConfiguration.class]: [PersistenceUnit: default] Unable to build Hibernate SessionFactory; nested exception is org.hibernate.exception.JDBCConnectionException: Unable to open JDBC Connection for DDL execution [The connection attempt failed.] [n/a]
2025-01-26 00:05:29 [restartedMain] INFO  o.a.catalina.core.StandardService - Stopping service [Tomcat]
2025-01-26 00:05:29 [restartedMain] INFO  o.s.b.a.l.ConditionEvaluationReportLogger - 

Error starting ApplicationContext. To display the condition evaluation report re-run your application with 'debug' enabled.
2025-01-26 00:05:29 [restartedMain] ERROR o.s.boot.SpringApplication - Application run failed
org.springframework.beans.factory.BeanCreationException: Error creating bean with name 'entityManagerFactory' defined in class path resource [org/springframework/boot/autoconfigure/orm/jpa/HibernateJpaConfiguration.class]: [PersistenceUnit: default] Unable to build Hibernate SessionFactory; nested exception is org.hibernate.exception.JDBCConnectionException: Unable to open JDBC Connection for DDL execution [The connection attempt failed.] [n/a]
	at org.springframework.beans.factory.support.AbstractAutowireCapableBeanFactory.initializeBean(AbstractAutowireCapableBeanFactory.java:1808)
	at org.springframework.beans.factory.support.AbstractAutowireCapableBeanFactory.doCreateBean(AbstractAutowireCapableBeanFactory.java:601)
	at org.springframework.beans.factory.support.AbstractAutowireCapableBeanFactory.createBean(AbstractAutowireCapableBeanFactory.java:523)
	at org.springframework.beans.factory.support.AbstractBeanFactory.lambda$doGetBean$0(AbstractBeanFactory.java:336)
	at org.springframework.beans.factory.support.DefaultSingletonBeanRegistry.getSingleton(DefaultSingletonBeanRegistry.java:289)
	at org.springframework.beans.factory.support.AbstractBeanFactory.doGetBean(AbstractBeanFactory.java:334)
	at org.springframework.beans.factory.support.AbstractBeanFactory.getBean(AbstractBeanFactory.java:204)
	at org.springframework.context.support.AbstractApplicationContext.finishBeanFactoryInitialization(AbstractApplicationContext.java:970)
	at org.springframework.context.support.AbstractApplicationContext.refresh(AbstractApplicationContext.java:627)
	at org.springframework.boot.web.servlet.context.ServletWebServerApplicationContext.refresh(ServletWebServerApplicationContext.java:146)
	at org.springframework.boot.SpringApplication.refresh(SpringApplication.java:752)
	at org.springframework.boot.SpringApplication.refreshContext(SpringApplication.java:439)
	at org.springframework.boot.SpringApplication.run(SpringApplication.java:318)
	at org.springframework.boot.SpringApplication.run(SpringApplication.java:1361)
	at org.springframework.boot.SpringApplication.run(SpringApplication.java:1350)
	at com.personal.crud_pulsar.CrudPulsarApplicationKt.main(CrudPulsarApplication.kt:13)
	at java.base/jdk.internal.reflect.NativeMethodAccessorImpl.invoke0(Native Method)
	at java.base/jdk.internal.reflect.NativeMethodAccessorImpl.invoke(NativeMethodAccessorImpl.java:77)
	at java.base/jdk.internal.reflect.DelegatingMethodAccessorImpl.invoke(DelegatingMethodAccessorImpl.java:43)
	at java.base/java.lang.reflect.Method.invoke(Method.java:568)
	at org.springframework.boot.devtools.restart.RestartLauncher.run(RestartLauncher.java:50)
Caused by: jakarta.persistence.PersistenceException: [PersistenceUnit: default] Unable to build Hibernate SessionFactory; nested exception is org.hibernate.exception.JDBCConnectionException: Unable to open JDBC Connection for DDL execution [The connection attempt failed.] [n/a]
	at org.springframework.orm.jpa.AbstractEntityManagerFactoryBean.buildNativeEntityManagerFactory(AbstractEntityManagerFactoryBean.java:431)
	at org.springframework.orm.jpa.AbstractEntityManagerFactoryBean.afterPropertiesSet(AbstractEntityManagerFactoryBean.java:400)
	at org.springframework.orm.jpa.LocalContainerEntityManagerFactoryBean.afterPropertiesSet(LocalContainerEntityManagerFactoryBean.java:366)
	at org.springframework.beans.factory.support.AbstractAutowireCapableBeanFactory.invokeInitMethods(AbstractAutowireCapableBeanFactory.java:1855)
	at org.springframework.beans.factory.support.AbstractAutowireCapableBeanFactory.initializeBean(AbstractAutowireCapableBeanFactory.java:1804)
	... 20 common frames omitted
Caused by: org.hibernate.exception.JDBCConnectionException: Unable to open JDBC Connection for DDL execution [The connection attempt failed.] [n/a]
	at org.hibernate.exception.internal.SQLStateConversionDelegate.convert(SQLStateConversionDelegate.java:100)
	at org.hibernate.exception.internal.StandardSQLExceptionConverter.convert(StandardSQLExceptionConverter.java:58)
	at org.hibernate.engine.jdbc.spi.SqlExceptionHelper.convert(SqlExceptionHelper.java:108)
	at org.hibernate.engine.jdbc.spi.SqlExceptionHelper.convert(SqlExceptionHelper.java:94)
	at org.hibernate.resource.transaction.backend.jdbc.internal.DdlTransactionIsolatorNonJtaImpl.getIsolatedConnection(DdlTransactionIsolatorNonJtaImpl.java:74)
	at org.hibernate.resource.transaction.backend.jdbc.internal.DdlTransactionIsolatorNonJtaImpl.getIsolatedConnection(DdlTransactionIsolatorNonJtaImpl.java:39)
	at org.hibernate.tool.schema.internal.exec.ImprovedExtractionContextImpl.getJdbcConnection(ImprovedExtractionContextImpl.java:63)
	at org.hibernate.tool.schema.extract.spi.ExtractionContext.getQueryResults(ExtractionContext.java:43)
	at org.hibernate.tool.schema.extract.internal.SequenceInformationExtractorLegacyImpl.extractMetadata(SequenceInformationExtractorLegacyImpl.java:39)
	at org.hibernate.tool.schema.extract.internal.DatabaseInformationImpl.initializeSequences(DatabaseInformationImpl.java:66)
	at org.hibernate.tool.schema.extract.internal.DatabaseInformationImpl.<init>(DatabaseInformationImpl.java:60)
	at org.hibernate.tool.schema.internal.Helper.buildDatabaseInformation(Helper.java:185)
	at org.hibernate.tool.schema.internal.AbstractSchemaMigrator.doMigration(AbstractSchemaMigrator.java:93)
	at org.hibernate.tool.schema.spi.SchemaManagementToolCoordinator.performDatabaseAction(SchemaManagementToolCoordinator.java:280)
	at org.hibernate.tool.schema.spi.SchemaManagementToolCoordinator.lambda$process$5(SchemaManagementToolCoordinator.java:144)
	at java.base/java.util.HashMap.forEach(HashMap.java:1421)
	at org.hibernate.tool.schema.spi.SchemaManagementToolCoordinator.process(SchemaManagementToolCoordinator.java:141)
	at org.hibernate.boot.internal.SessionFactoryObserverForSchemaExport.sessionFactoryCreated(SessionFactoryObserverForSchemaExport.java:37)
	at org.hibernate.internal.SessionFactoryObserverChain.sessionFactoryCreated(SessionFactoryObserverChain.java:35)
	at org.hibernate.internal.SessionFactoryImpl.<init>(SessionFactoryImpl.java:324)
	at org.hibernate.boot.internal.SessionFactoryBuilderImpl.build(SessionFactoryBuilderImpl.java:463)
	at org.hibernate.jpa.boot.internal.EntityManagerFactoryBuilderImpl.build(EntityManagerFactoryBuilderImpl.java:1506)
	at org.springframework.orm.jpa.vendor.SpringHibernateJpaPersistenceProvider.createContainerEntityManagerFactory(SpringHibernateJpaPersistenceProvider.java:66)
	at org.springframework.orm.jpa.LocalContainerEntityManagerFactoryBean.createNativeEntityManagerFactory(LocalContainerEntityManagerFactoryBean.java:390)
	at org.springframework.orm.jpa.AbstractEntityManagerFactoryBean.buildNativeEntityManagerFactory(AbstractEntityManagerFactoryBean.java:419)
	... 24 common frames omitted
Caused by: org.postgresql.util.PSQLException: The connection attempt failed.
	at org.postgresql.core.v3.ConnectionFactoryImpl.openConnectionImpl(ConnectionFactoryImpl.java:364)
	at org.postgresql.core.ConnectionFactory.openConnection(ConnectionFactory.java:54)
	at org.postgresql.jdbc.PgConnection.<init>(PgConnection.java:273)
	at org.postgresql.Driver.makeConnection(Driver.java:446)
	at org.postgresql.Driver.connect(Driver.java:298)
	at com.zaxxer.hikari.util.DriverDataSource.getConnection(DriverDataSource.java:137)
	at com.zaxxer.hikari.pool.PoolBase.newConnection(PoolBase.java:360)
	at com.zaxxer.hikari.pool.PoolBase.newPoolEntry(PoolBase.java:202)
	at com.zaxxer.hikari.pool.HikariPool.createPoolEntry(HikariPool.java:461)
	at com.zaxxer.hikari.pool.HikariPool.checkFailFast(HikariPool.java:550)
	at com.zaxxer.hikari.pool.HikariPool.<init>(HikariPool.java:98)
	at com.zaxxer.hikari.HikariDataSource.getConnection(HikariDataSource.java:111)
	at org.hibernate.engine.jdbc.connections.internal.DatasourceConnectionProviderImpl.getConnection(DatasourceConnectionProviderImpl.java:126)
	at org.hibernate.engine.jdbc.env.internal.JdbcEnvironmentInitiator$ConnectionProviderJdbcConnectionAccess.obtainConnection(JdbcEnvironmentInitiator.java:467)
	at org.hibernate.resource.transaction.backend.jdbc.internal.DdlTransactionIsolatorNonJtaImpl.getIsolatedConnection(DdlTransactionIsolatorNonJtaImpl.java:46)
	... 44 common frames omitted
Caused by: java.net.UnknownHostException: host.docker.internal
	at java.base/sun.nio.ch.NioSocketImpl.connect(NioSocketImpl.java:572)
	at java.base/java.net.SocksSocketImpl.connect(SocksSocketImpl.java:327)
	at java.base/java.net.Socket.connect(Socket.java:633)
	at org.postgresql.core.PGStream.createSocket(PGStream.java:260)
	at org.postgresql.core.PGStream.<init>(PGStream.java:121)
	at org.postgresql.core.v3.ConnectionFactoryImpl.tryConnect(ConnectionFactoryImpl.java:140)
	at org.postgresql.core.v3.ConnectionFactoryImpl.openConnectionImpl(ConnectionFactoryImpl.java:268)
	... 58 common frames omitted
2025-01-26 00:06:37 [restartedMain] INFO  c.p.c.CrudPulsarApplicationKt - Starting CrudPulsarApplicationKt using Java 17.0.12 with PID 90696 (/Users/uttam.gowda/IdeaProjects/crud-pulsar/build/classes/kotlin/main started by uttam.gowda in /Users/uttam.gowda/IdeaProjects/crud-pulsar)
2025-01-26 00:06:37 [restartedMain] INFO  c.p.c.CrudPulsarApplicationKt - No active profile set, falling back to 1 default profile: "default"
2025-01-26 00:06:37 [restartedMain] INFO  o.s.b.d.restart.ChangeableUrls - The Class-Path manifest attribute in /Users/uttam.gowda/.gradle/caches/modules-2/files-2.1/org.springframework.pulsar/spring-pulsar-cache-provider-caffeine/1.2.1/c2b0ff3dd061069d916cb1df19e539eda19562e0/spring-pulsar-cache-provider-caffeine-1.2.1.jar referenced one or more files that do not exist: file:/Users/uttam.gowda/.gradle/caches/modules-2/files-2.1/org.springframework.pulsar/spring-pulsar-cache-provider-caffeine/1.2.1/c2b0ff3dd061069d916cb1df19e539eda19562e0/spring-pulsar-cache-provider-1.2.1.jar
2025-01-26 00:06:37 [restartedMain] INFO  o.s.b.d.e.DevToolsPropertyDefaultsPostProcessor - Devtools property defaults active! Set 'spring.devtools.add-properties' to 'false' to disable
2025-01-26 00:06:37 [restartedMain] INFO  o.s.b.d.e.DevToolsPropertyDefaultsPostProcessor - For additional web related logging consider setting the 'logging.level.web' property to 'DEBUG'
2025-01-26 00:06:37 [restartedMain] INFO  o.s.d.r.c.RepositoryConfigurationDelegate - Bootstrapping Spring Data JPA repositories in DEFAULT mode.
2025-01-26 00:06:37 [restartedMain] INFO  o.s.d.r.c.RepositoryConfigurationDelegate - Finished Spring Data repository scanning in 28 ms. Found 1 JPA repository interface.
2025-01-26 00:06:38 [restartedMain] INFO  o.s.b.w.e.tomcat.TomcatWebServer - Tomcat initialized with port 8080 (http)
2025-01-26 00:06:38 [restartedMain] INFO  o.a.catalina.core.StandardService - Starting service [Tomcat]
2025-01-26 00:06:38 [restartedMain] INFO  o.a.catalina.core.StandardEngine - Starting Servlet engine: [Apache Tomcat/10.1.34]
2025-01-26 00:06:38 [restartedMain] INFO  o.a.c.c.C.[Tomcat].[localhost].[/] - Initializing Spring embedded WebApplicationContext
2025-01-26 00:06:38 [restartedMain] INFO  o.s.b.w.s.c.ServletWebServerApplicationContext - Root WebApplicationContext: initialization completed in 1079 ms
2025-01-26 00:06:38 [restartedMain] INFO  o.h.jpa.internal.util.LogHelper - HHH000204: Processing PersistenceUnitInfo [name: default]
2025-01-26 00:06:38 [restartedMain] INFO  org.hibernate.Version - HHH000412: Hibernate ORM core version 6.6.4.Final
2025-01-26 00:06:38 [restartedMain] INFO  o.h.c.i.RegionFactoryInitiator - HHH000026: Second-level cache disabled
2025-01-26 00:06:38 [restartedMain] INFO  o.s.o.j.p.SpringPersistenceUnitInfo - No LoadTimeWeaver setup: ignoring JPA class transformer
2025-01-26 00:06:38 [restartedMain] INFO  com.zaxxer.hikari.HikariDataSource - HikariPool-1 - Starting...
2025-01-26 00:06:38 [restartedMain] INFO  com.zaxxer.hikari.pool.HikariPool - HikariPool-1 - Added connection org.postgresql.jdbc.PgConnection@74badb5a
2025-01-26 00:06:38 [restartedMain] INFO  com.zaxxer.hikari.HikariDataSource - HikariPool-1 - Start completed.
2025-01-26 00:06:39 [restartedMain] WARN  org.hibernate.orm.deprecation - HHH90000025: PostgreSQLDialect does not need to be specified explicitly using 'hibernate.dialect' (remove the property setting and it will be selected by default)
2025-01-26 00:06:39 [restartedMain] INFO  o.hibernate.orm.connections.pooling - HHH10001005: Database info:
	Database JDBC URL [Connecting through datasource 'HikariDataSource (HikariPool-1)']
	Database driver: undefined/unknown
	Database version: 17.2
	Autocommit mode: undefined/unknown
	Isolation level: undefined/unknown
	Minimum pool size: undefined/unknown
	Maximum pool size: undefined/unknown
2025-01-26 00:06:39 [restartedMain] INFO  o.h.e.t.j.p.i.JtaPlatformInitiator - HHH000489: No JTA platform available (set 'hibernate.transaction.jta.platform' to enable JTA platform integration)
2025-01-26 00:06:39 [restartedMain] INFO  o.s.o.j.LocalContainerEntityManagerFactoryBean - Initialized JPA EntityManagerFactory for persistence unit 'default'
2025-01-26 00:06:39 [restartedMain] WARN  o.s.b.a.o.j.JpaBaseConfiguration$JpaWebConfiguration - spring.jpa.open-in-view is enabled by default. Therefore, database queries may be performed during view rendering. Explicitly configure spring.jpa.open-in-view to disable this warning
2025-01-26 00:06:40 [restartedMain] INFO  o.s.p.c.DefaultPulsarClientFactory - Using restartable client
2025-01-26 00:06:40 [restartedMain] INFO  o.s.b.d.a.OptionalLiveReloadServer - LiveReload server is running on port 35729
2025-01-26 00:06:40 [restartedMain] INFO  o.s.b.w.e.tomcat.TomcatWebServer - Tomcat started on port 8080 (http) with context path '/'
2025-01-26 00:06:40 [restartedMain] INFO  c.p.c.CrudPulsarApplicationKt - Started CrudPulsarApplicationKt in 4.094 seconds (process running for 4.549)
2025-01-26 00:07:17 [http-nio-8080-exec-2] INFO  o.a.c.c.C.[Tomcat].[localhost].[/] - Initializing Spring DispatcherServlet 'dispatcherServlet'
2025-01-26 00:07:17 [http-nio-8080-exec-2] INFO  o.s.web.servlet.DispatcherServlet - Initializing Servlet 'dispatcherServlet'
2025-01-26 00:07:17 [http-nio-8080-exec-2] INFO  o.s.web.servlet.DispatcherServlet - Completed initialization in 3 ms
2025-01-26 00:07:17 [http-nio-8080-exec-2] INFO  c.p.crud_pulsar.UserController - Fetching all users
2025-01-26 00:07:28 [SpringApplicationShutdownHook] INFO  o.s.b.w.e.tomcat.GracefulShutdown - Commencing graceful shutdown. Waiting for active requests to complete
2025-01-26 00:07:28 [tomcat-shutdown] INFO  o.s.b.w.e.tomcat.GracefulShutdown - Graceful shutdown complete
2025-01-26 00:07:28 [SpringApplicationShutdownHook] INFO  o.a.p.client.impl.PulsarClientImpl - Client closing. URL: pulsar://localhost:6650
2025-01-26 00:07:30 [SpringApplicationShutdownHook] INFO  o.s.o.j.LocalContainerEntityManagerFactoryBean - Closing JPA EntityManagerFactory for persistence unit 'default'
2025-01-26 00:07:30 [SpringApplicationShutdownHook] INFO  com.zaxxer.hikari.HikariDataSource - HikariPool-1 - Shutdown initiated...
2025-01-26 00:07:30 [SpringApplicationShutdownHook] INFO  com.zaxxer.hikari.HikariDataSource - HikariPool-1 - Shutdown completed.
2025-01-26 01:02:18 [restartedMain] INFO  c.p.c.CrudPulsarApplicationKt - Starting CrudPulsarApplicationKt using Java 17.0.12 with PID 1402 (/Users/uttam.gowda/IdeaProjects/crud-pulsar/build/classes/kotlin/main started by uttam.gowda in /Users/uttam.gowda/IdeaProjects/crud-pulsar)
2025-01-26 01:02:18 [restartedMain] INFO  c.p.c.CrudPulsarApplicationKt - No active profile set, falling back to 1 default profile: "default"
2025-01-26 01:02:18 [restartedMain] INFO  o.s.b.d.restart.ChangeableUrls - The Class-Path manifest attribute in /Users/uttam.gowda/.gradle/caches/modules-2/files-2.1/org.springframework.pulsar/spring-pulsar-cache-provider-caffeine/1.2.1/c2b0ff3dd061069d916cb1df19e539eda19562e0/spring-pulsar-cache-provider-caffeine-1.2.1.jar referenced one or more files that do not exist: file:/Users/uttam.gowda/.gradle/caches/modules-2/files-2.1/org.springframework.pulsar/spring-pulsar-cache-provider-caffeine/1.2.1/c2b0ff3dd061069d916cb1df19e539eda19562e0/spring-pulsar-cache-provider-1.2.1.jar
2025-01-26 01:02:18 [restartedMain] INFO  o.s.b.d.e.DevToolsPropertyDefaultsPostProcessor - Devtools property defaults active! Set 'spring.devtools.add-properties' to 'false' to disable
2025-01-26 01:02:18 [restartedMain] INFO  o.s.b.d.e.DevToolsPropertyDefaultsPostProcessor - For additional web related logging consider setting the 'logging.level.web' property to 'DEBUG'
2025-01-26 01:02:18 [restartedMain] INFO  o.s.d.r.c.RepositoryConfigurationDelegate - Bootstrapping Spring Data JPA repositories in DEFAULT mode.
2025-01-26 01:02:18 [restartedMain] INFO  o.s.d.r.c.RepositoryConfigurationDelegate - Finished Spring Data repository scanning in 30 ms. Found 1 JPA repository interface.
2025-01-26 01:02:19 [restartedMain] INFO  o.s.b.w.e.tomcat.TomcatWebServer - Tomcat initialized with port 9191 (http)
2025-01-26 01:02:19 [restartedMain] INFO  o.a.catalina.core.StandardService - Starting service [Tomcat]
2025-01-26 01:02:19 [restartedMain] INFO  o.a.catalina.core.StandardEngine - Starting Servlet engine: [Apache Tomcat/10.1.34]
2025-01-26 01:02:19 [restartedMain] INFO  o.a.c.c.C.[Tomcat].[localhost].[/] - Initializing Spring embedded WebApplicationContext
2025-01-26 01:02:19 [restartedMain] INFO  o.s.b.w.s.c.ServletWebServerApplicationContext - Root WebApplicationContext: initialization completed in 1506 ms
2025-01-26 01:02:19 [restartedMain] INFO  o.h.jpa.internal.util.LogHelper - HHH000204: Processing PersistenceUnitInfo [name: default]
2025-01-26 01:02:19 [restartedMain] INFO  org.hibernate.Version - HHH000412: Hibernate ORM core version 6.6.4.Final
2025-01-26 01:02:19 [restartedMain] INFO  o.h.c.i.RegionFactoryInitiator - HHH000026: Second-level cache disabled
2025-01-26 01:02:19 [restartedMain] INFO  o.s.o.j.p.SpringPersistenceUnitInfo - No LoadTimeWeaver setup: ignoring JPA class transformer
2025-01-26 01:02:19 [restartedMain] INFO  com.zaxxer.hikari.HikariDataSource - HikariPool-1 - Starting...
2025-01-26 01:02:20 [restartedMain] INFO  com.zaxxer.hikari.pool.HikariPool - HikariPool-1 - Added connection org.postgresql.jdbc.PgConnection@51bcfcd1
2025-01-26 01:02:20 [restartedMain] INFO  com.zaxxer.hikari.HikariDataSource - HikariPool-1 - Start completed.
2025-01-26 01:02:20 [restartedMain] WARN  org.hibernate.orm.deprecation - HHH90000025: PostgreSQLDialect does not need to be specified explicitly using 'hibernate.dialect' (remove the property setting and it will be selected by default)
2025-01-26 01:02:20 [restartedMain] INFO  o.hibernate.orm.connections.pooling - HHH10001005: Database info:
	Database JDBC URL [Connecting through datasource 'HikariDataSource (HikariPool-1)']
	Database driver: undefined/unknown
	Database version: 17.2
	Autocommit mode: undefined/unknown
	Isolation level: undefined/unknown
	Minimum pool size: undefined/unknown
	Maximum pool size: undefined/unknown
2025-01-26 01:02:20 [restartedMain] INFO  o.h.e.t.j.p.i.JtaPlatformInitiator - HHH000489: No JTA platform available (set 'hibernate.transaction.jta.platform' to enable JTA platform integration)
2025-01-26 01:02:20 [restartedMain] INFO  o.s.o.j.LocalContainerEntityManagerFactoryBean - Initialized JPA EntityManagerFactory for persistence unit 'default'
2025-01-26 01:02:20 [restartedMain] WARN  o.s.b.w.s.c.AnnotationConfigServletWebServerApplicationContext - Exception encountered during context initialization - cancelling refresh attempt: org.springframework.beans.factory.BeanCreationException: Error creating bean with name 'eventConsumer' defined in file [/Users/uttam.gowda/IdeaProjects/crud-pulsar/build/classes/kotlin/main/com/personal/crud_pulsar/EventConsumer.class]: Could not resolve placeholder 'spring.pulsar.producer.topic-name1' in value "${spring.pulsar.producer.topic-name1}"
2025-01-26 01:02:20 [restartedMain] INFO  o.s.o.j.LocalContainerEntityManagerFactoryBean - Closing JPA EntityManagerFactory for persistence unit 'default'
2025-01-26 01:02:20 [restartedMain] INFO  com.zaxxer.hikari.HikariDataSource - HikariPool-1 - Shutdown initiated...
2025-01-26 01:02:20 [restartedMain] INFO  com.zaxxer.hikari.HikariDataSource - HikariPool-1 - Shutdown completed.
2025-01-26 01:02:20 [restartedMain] INFO  o.a.catalina.core.StandardService - Stopping service [Tomcat]
2025-01-26 01:02:20 [restartedMain] INFO  o.s.b.a.l.ConditionEvaluationReportLogger - 

Error starting ApplicationContext. To display the condition evaluation report re-run your application with 'debug' enabled.
2025-01-26 01:02:20 [restartedMain] ERROR o.s.boot.SpringApplication - Application run failed
org.springframework.beans.factory.BeanCreationException: Error creating bean with name 'eventConsumer' defined in file [/Users/uttam.gowda/IdeaProjects/crud-pulsar/build/classes/kotlin/main/com/personal/crud_pulsar/EventConsumer.class]: Could not resolve placeholder 'spring.pulsar.producer.topic-name1' in value "${spring.pulsar.producer.topic-name1}"
	at org.springframework.beans.factory.support.AbstractAutowireCapableBeanFactory.doCreateBean(AbstractAutowireCapableBeanFactory.java:608)
	at org.springframework.beans.factory.support.AbstractAutowireCapableBeanFactory.createBean(AbstractAutowireCapableBeanFactory.java:523)
	at org.springframework.beans.factory.support.AbstractBeanFactory.lambda$doGetBean$0(AbstractBeanFactory.java:336)
	at org.springframework.beans.factory.support.DefaultSingletonBeanRegistry.getSingleton(DefaultSingletonBeanRegistry.java:289)
	at org.springframework.beans.factory.support.AbstractBeanFactory.doGetBean(AbstractBeanFactory.java:334)
	at org.springframework.beans.factory.support.AbstractBeanFactory.getBean(AbstractBeanFactory.java:199)
	at org.springframework.beans.factory.support.DefaultListableBeanFactory.instantiateSingleton(DefaultListableBeanFactory.java:1122)
	at org.springframework.beans.factory.support.DefaultListableBeanFactory.preInstantiateSingleton(DefaultListableBeanFactory.java:1093)
	at org.springframework.beans.factory.support.DefaultListableBeanFactory.preInstantiateSingletons(DefaultListableBeanFactory.java:1030)
	at org.springframework.context.support.AbstractApplicationContext.finishBeanFactoryInitialization(AbstractApplicationContext.java:987)
	at org.springframework.context.support.AbstractApplicationContext.refresh(AbstractApplicationContext.java:627)
	at org.springframework.boot.web.servlet.context.ServletWebServerApplicationContext.refresh(ServletWebServerApplicationContext.java:146)
	at org.springframework.boot.SpringApplication.refresh(SpringApplication.java:752)
	at org.springframework.boot.SpringApplication.refreshContext(SpringApplication.java:439)
	at org.springframework.boot.SpringApplication.run(SpringApplication.java:318)
	at org.springframework.boot.SpringApplication.run(SpringApplication.java:1361)
	at org.springframework.boot.SpringApplication.run(SpringApplication.java:1350)
	at com.personal.crud_pulsar.CrudPulsarApplicationKt.main(CrudPulsarApplication.kt:15)
	at java.base/jdk.internal.reflect.NativeMethodAccessorImpl.invoke0(Native Method)
	at java.base/jdk.internal.reflect.NativeMethodAccessorImpl.invoke(NativeMethodAccessorImpl.java:77)
	at java.base/jdk.internal.reflect.DelegatingMethodAccessorImpl.invoke(DelegatingMethodAccessorImpl.java:43)
	at java.base/java.lang.reflect.Method.invoke(Method.java:568)
	at org.springframework.boot.devtools.restart.RestartLauncher.run(RestartLauncher.java:50)
Caused by: org.springframework.util.PlaceholderResolutionException: Could not resolve placeholder 'spring.pulsar.producer.topic-name1' in value "${spring.pulsar.producer.topic-name1}"
	at org.springframework.util.PlaceholderResolutionException.withValue(PlaceholderResolutionException.java:81)
	at org.springframework.util.PlaceholderParser$ParsedValue.resolve(PlaceholderParser.java:416)
	at org.springframework.util.PlaceholderParser.replacePlaceholders(PlaceholderParser.java:128)
	at org.springframework.util.PropertyPlaceholderHelper.parseStringValue(PropertyPlaceholderHelper.java:118)
	at org.springframework.util.PropertyPlaceholderHelper.replacePlaceholders(PropertyPlaceholderHelper.java:114)
	at org.springframework.core.env.AbstractPropertyResolver.doResolvePlaceholders(AbstractPropertyResolver.java:255)
	at org.springframework.core.env.AbstractPropertyResolver.resolveRequiredPlaceholders(AbstractPropertyResolver.java:226)
	at org.springframework.context.support.PropertySourcesPlaceholderConfigurer.lambda$processProperties$0(PropertySourcesPlaceholderConfigurer.java:201)
	at org.springframework.beans.factory.support.AbstractBeanFactory.resolveEmbeddedValue(AbstractBeanFactory.java:963)
	at org.springframework.pulsar.annotation.AbstractPulsarAnnotationsBeanPostProcessor.resolve(AbstractPulsarAnnotationsBeanPostProcessor.java:140)
	at org.springframework.pulsar.annotation.AbstractPulsarAnnotationsBeanPostProcessor.resolveExpression(AbstractPulsarAnnotationsBeanPostProcessor.java:135)
	at org.springframework.pulsar.annotation.PulsarListenerAnnotationBeanPostProcessor.resolveTopics(PulsarListenerAnnotationBeanPostProcessor.java:411)
	at org.springframework.pulsar.annotation.PulsarListenerAnnotationBeanPostProcessor.processPulsarListener(PulsarListenerAnnotationBeanPostProcessor.java:172)
	at org.springframework.pulsar.annotation.PulsarListenerAnnotationBeanPostProcessor.postProcessAfterInitialization(PulsarListenerAnnotationBeanPostProcessor.java:156)
	at org.springframework.beans.factory.support.AbstractAutowireCapableBeanFactory.applyBeanPostProcessorsAfterInitialization(AbstractAutowireCapableBeanFactory.java:439)
	at org.springframework.beans.factory.support.AbstractAutowireCapableBeanFactory.initializeBean(AbstractAutowireCapableBeanFactory.java:1811)
	at org.springframework.beans.factory.support.AbstractAutowireCapableBeanFactory.doCreateBean(AbstractAutowireCapableBeanFactory.java:601)
	... 22 common frames omitted
2025-01-26 01:03:07 [restartedMain] INFO  c.p.c.CrudPulsarApplicationKt - Starting CrudPulsarApplicationKt using Java 17.0.12 with PID 1570 (/Users/uttam.gowda/IdeaProjects/crud-pulsar/build/classes/kotlin/main started by uttam.gowda in /Users/uttam.gowda/IdeaProjects/crud-pulsar)
2025-01-26 01:03:07 [restartedMain] INFO  c.p.c.CrudPulsarApplicationKt - No active profile set, falling back to 1 default profile: "default"
2025-01-26 01:03:07 [restartedMain] INFO  o.s.b.d.restart.ChangeableUrls - The Class-Path manifest attribute in /Users/uttam.gowda/.gradle/caches/modules-2/files-2.1/org.springframework.pulsar/spring-pulsar-cache-provider-caffeine/1.2.1/c2b0ff3dd061069d916cb1df19e539eda19562e0/spring-pulsar-cache-provider-caffeine-1.2.1.jar referenced one or more files that do not exist: file:/Users/uttam.gowda/.gradle/caches/modules-2/files-2.1/org.springframework.pulsar/spring-pulsar-cache-provider-caffeine/1.2.1/c2b0ff3dd061069d916cb1df19e539eda19562e0/spring-pulsar-cache-provider-1.2.1.jar
2025-01-26 01:03:07 [restartedMain] INFO  o.s.b.d.e.DevToolsPropertyDefaultsPostProcessor - Devtools property defaults active! Set 'spring.devtools.add-properties' to 'false' to disable
2025-01-26 01:03:07 [restartedMain] INFO  o.s.b.d.e.DevToolsPropertyDefaultsPostProcessor - For additional web related logging consider setting the 'logging.level.web' property to 'DEBUG'
2025-01-26 01:03:07 [restartedMain] INFO  o.s.d.r.c.RepositoryConfigurationDelegate - Bootstrapping Spring Data JPA repositories in DEFAULT mode.
2025-01-26 01:03:07 [restartedMain] INFO  o.s.d.r.c.RepositoryConfigurationDelegate - Finished Spring Data repository scanning in 42 ms. Found 1 JPA repository interface.
2025-01-26 01:03:08 [restartedMain] INFO  o.s.b.w.e.tomcat.TomcatWebServer - Tomcat initialized with port 9191 (http)
2025-01-26 01:03:08 [restartedMain] INFO  o.a.catalina.core.StandardService - Starting service [Tomcat]
2025-01-26 01:03:08 [restartedMain] INFO  o.a.catalina.core.StandardEngine - Starting Servlet engine: [Apache Tomcat/10.1.34]
2025-01-26 01:03:08 [restartedMain] INFO  o.a.c.c.C.[Tomcat].[localhost].[/] - Initializing Spring embedded WebApplicationContext
2025-01-26 01:03:08 [restartedMain] INFO  o.s.b.w.s.c.ServletWebServerApplicationContext - Root WebApplicationContext: initialization completed in 1150 ms
2025-01-26 01:03:08 [restartedMain] INFO  o.h.jpa.internal.util.LogHelper - HHH000204: Processing PersistenceUnitInfo [name: default]
2025-01-26 01:03:08 [restartedMain] INFO  org.hibernate.Version - HHH000412: Hibernate ORM core version 6.6.4.Final
2025-01-26 01:03:08 [restartedMain] INFO  o.h.c.i.RegionFactoryInitiator - HHH000026: Second-level cache disabled
2025-01-26 01:03:08 [restartedMain] INFO  o.s.o.j.p.SpringPersistenceUnitInfo - No LoadTimeWeaver setup: ignoring JPA class transformer
2025-01-26 01:03:08 [restartedMain] INFO  com.zaxxer.hikari.HikariDataSource - HikariPool-1 - Starting...
2025-01-26 01:03:08 [restartedMain] INFO  com.zaxxer.hikari.pool.HikariPool - HikariPool-1 - Added connection org.postgresql.jdbc.PgConnection@215d6ca0
2025-01-26 01:03:08 [restartedMain] INFO  com.zaxxer.hikari.HikariDataSource - HikariPool-1 - Start completed.
2025-01-26 01:03:09 [restartedMain] WARN  org.hibernate.orm.deprecation - HHH90000025: PostgreSQLDialect does not need to be specified explicitly using 'hibernate.dialect' (remove the property setting and it will be selected by default)
2025-01-26 01:03:09 [restartedMain] INFO  o.hibernate.orm.connections.pooling - HHH10001005: Database info:
	Database JDBC URL [Connecting through datasource 'HikariDataSource (HikariPool-1)']
	Database driver: undefined/unknown
	Database version: 17.2
	Autocommit mode: undefined/unknown
	Isolation level: undefined/unknown
	Minimum pool size: undefined/unknown
	Maximum pool size: undefined/unknown
2025-01-26 01:03:09 [restartedMain] INFO  o.h.e.t.j.p.i.JtaPlatformInitiator - HHH000489: No JTA platform available (set 'hibernate.transaction.jta.platform' to enable JTA platform integration)
2025-01-26 01:03:09 [restartedMain] INFO  o.s.o.j.LocalContainerEntityManagerFactoryBean - Initialized JPA EntityManagerFactory for persistence unit 'default'
2025-01-26 01:03:09 [restartedMain] WARN  o.s.b.w.s.c.AnnotationConfigServletWebServerApplicationContext - Exception encountered during context initialization - cancelling refresh attempt: org.springframework.beans.factory.BeanCreationException: Error creating bean with name 'eventConsumer' defined in file [/Users/uttam.gowda/IdeaProjects/crud-pulsar/build/classes/kotlin/main/com/personal/crud_pulsar/EventConsumer.class]: Could not resolve placeholder 'spring.pulsar.producer.topic-name1' in value "${spring.pulsar.producer.topic-name1}"
2025-01-26 01:03:09 [restartedMain] INFO  o.s.o.j.LocalContainerEntityManagerFactoryBean - Closing JPA EntityManagerFactory for persistence unit 'default'
2025-01-26 01:03:09 [restartedMain] INFO  com.zaxxer.hikari.HikariDataSource - HikariPool-1 - Shutdown initiated...
2025-01-26 01:03:09 [restartedMain] INFO  com.zaxxer.hikari.HikariDataSource - HikariPool-1 - Shutdown completed.
2025-01-26 01:03:09 [restartedMain] INFO  o.a.catalina.core.StandardService - Stopping service [Tomcat]
2025-01-26 01:03:09 [restartedMain] INFO  o.s.b.a.l.ConditionEvaluationReportLogger - 

Error starting ApplicationContext. To display the condition evaluation report re-run your application with 'debug' enabled.
2025-01-26 01:03:09 [restartedMain] ERROR o.s.boot.SpringApplication - Application run failed
org.springframework.beans.factory.BeanCreationException: Error creating bean with name 'eventConsumer' defined in file [/Users/uttam.gowda/IdeaProjects/crud-pulsar/build/classes/kotlin/main/com/personal/crud_pulsar/EventConsumer.class]: Could not resolve placeholder 'spring.pulsar.producer.topic-name1' in value "${spring.pulsar.producer.topic-name1}"
	at org.springframework.beans.factory.support.AbstractAutowireCapableBeanFactory.doCreateBean(AbstractAutowireCapableBeanFactory.java:608)
	at org.springframework.beans.factory.support.AbstractAutowireCapableBeanFactory.createBean(AbstractAutowireCapableBeanFactory.java:523)
	at org.springframework.beans.factory.support.AbstractBeanFactory.lambda$doGetBean$0(AbstractBeanFactory.java:336)
	at org.springframework.beans.factory.support.DefaultSingletonBeanRegistry.getSingleton(DefaultSingletonBeanRegistry.java:289)
	at org.springframework.beans.factory.support.AbstractBeanFactory.doGetBean(AbstractBeanFactory.java:334)
	at org.springframework.beans.factory.support.AbstractBeanFactory.getBean(AbstractBeanFactory.java:199)
	at org.springframework.beans.factory.support.DefaultListableBeanFactory.instantiateSingleton(DefaultListableBeanFactory.java:1122)
	at org.springframework.beans.factory.support.DefaultListableBeanFactory.preInstantiateSingleton(DefaultListableBeanFactory.java:1093)
	at org.springframework.beans.factory.support.DefaultListableBeanFactory.preInstantiateSingletons(DefaultListableBeanFactory.java:1030)
	at org.springframework.context.support.AbstractApplicationContext.finishBeanFactoryInitialization(AbstractApplicationContext.java:987)
	at org.springframework.context.support.AbstractApplicationContext.refresh(AbstractApplicationContext.java:627)
	at org.springframework.boot.web.servlet.context.ServletWebServerApplicationContext.refresh(ServletWebServerApplicationContext.java:146)
	at org.springframework.boot.SpringApplication.refresh(SpringApplication.java:752)
	at org.springframework.boot.SpringApplication.refreshContext(SpringApplication.java:439)
	at org.springframework.boot.SpringApplication.run(SpringApplication.java:318)
	at org.springframework.boot.SpringApplication.run(SpringApplication.java:1361)
	at org.springframework.boot.SpringApplication.run(SpringApplication.java:1350)
	at com.personal.crud_pulsar.CrudPulsarApplicationKt.main(CrudPulsarApplication.kt:15)
	at java.base/jdk.internal.reflect.NativeMethodAccessorImpl.invoke0(Native Method)
	at java.base/jdk.internal.reflect.NativeMethodAccessorImpl.invoke(NativeMethodAccessorImpl.java:77)
	at java.base/jdk.internal.reflect.DelegatingMethodAccessorImpl.invoke(DelegatingMethodAccessorImpl.java:43)
	at java.base/java.lang.reflect.Method.invoke(Method.java:568)
	at org.springframework.boot.devtools.restart.RestartLauncher.run(RestartLauncher.java:50)
Caused by: org.springframework.util.PlaceholderResolutionException: Could not resolve placeholder 'spring.pulsar.producer.topic-name1' in value "${spring.pulsar.producer.topic-name1}"
	at org.springframework.util.PlaceholderResolutionException.withValue(PlaceholderResolutionException.java:81)
	at org.springframework.util.PlaceholderParser$ParsedValue.resolve(PlaceholderParser.java:416)
	at org.springframework.util.PlaceholderParser.replacePlaceholders(PlaceholderParser.java:128)
	at org.springframework.util.PropertyPlaceholderHelper.parseStringValue(PropertyPlaceholderHelper.java:118)
	at org.springframework.util.PropertyPlaceholderHelper.replacePlaceholders(PropertyPlaceholderHelper.java:114)
	at org.springframework.core.env.AbstractPropertyResolver.doResolvePlaceholders(AbstractPropertyResolver.java:255)
	at org.springframework.core.env.AbstractPropertyResolver.resolveRequiredPlaceholders(AbstractPropertyResolver.java:226)
	at org.springframework.context.support.PropertySourcesPlaceholderConfigurer.lambda$processProperties$0(PropertySourcesPlaceholderConfigurer.java:201)
	at org.springframework.beans.factory.support.AbstractBeanFactory.resolveEmbeddedValue(AbstractBeanFactory.java:963)
	at org.springframework.pulsar.annotation.AbstractPulsarAnnotationsBeanPostProcessor.resolve(AbstractPulsarAnnotationsBeanPostProcessor.java:140)
	at org.springframework.pulsar.annotation.AbstractPulsarAnnotationsBeanPostProcessor.resolveExpression(AbstractPulsarAnnotationsBeanPostProcessor.java:135)
	at org.springframework.pulsar.annotation.PulsarListenerAnnotationBeanPostProcessor.resolveTopics(PulsarListenerAnnotationBeanPostProcessor.java:411)
	at org.springframework.pulsar.annotation.PulsarListenerAnnotationBeanPostProcessor.processPulsarListener(PulsarListenerAnnotationBeanPostProcessor.java:172)
	at org.springframework.pulsar.annotation.PulsarListenerAnnotationBeanPostProcessor.postProcessAfterInitialization(PulsarListenerAnnotationBeanPostProcessor.java:156)
	at org.springframework.beans.factory.support.AbstractAutowireCapableBeanFactory.applyBeanPostProcessorsAfterInitialization(AbstractAutowireCapableBeanFactory.java:439)
	at org.springframework.beans.factory.support.AbstractAutowireCapableBeanFactory.initializeBean(AbstractAutowireCapableBeanFactory.java:1811)
	at org.springframework.beans.factory.support.AbstractAutowireCapableBeanFactory.doCreateBean(AbstractAutowireCapableBeanFactory.java:601)
	... 22 common frames omitted
2025-01-26 01:05:38 [restartedMain] INFO  c.p.c.CrudPulsarApplicationKt - Starting CrudPulsarApplicationKt using Java 17.0.12 with PID 2020 (/Users/uttam.gowda/IdeaProjects/crud-pulsar/build/classes/kotlin/main started by uttam.gowda in /Users/uttam.gowda/IdeaProjects/crud-pulsar)
2025-01-26 01:05:38 [restartedMain] INFO  c.p.c.CrudPulsarApplicationKt - No active profile set, falling back to 1 default profile: "default"
2025-01-26 01:05:38 [restartedMain] INFO  o.s.b.d.restart.ChangeableUrls - The Class-Path manifest attribute in /Users/uttam.gowda/.gradle/caches/modules-2/files-2.1/org.springframework.pulsar/spring-pulsar-cache-provider-caffeine/1.2.1/c2b0ff3dd061069d916cb1df19e539eda19562e0/spring-pulsar-cache-provider-caffeine-1.2.1.jar referenced one or more files that do not exist: file:/Users/uttam.gowda/.gradle/caches/modules-2/files-2.1/org.springframework.pulsar/spring-pulsar-cache-provider-caffeine/1.2.1/c2b0ff3dd061069d916cb1df19e539eda19562e0/spring-pulsar-cache-provider-1.2.1.jar
2025-01-26 01:05:38 [restartedMain] INFO  o.s.b.d.e.DevToolsPropertyDefaultsPostProcessor - Devtools property defaults active! Set 'spring.devtools.add-properties' to 'false' to disable
2025-01-26 01:05:38 [restartedMain] INFO  o.s.b.d.e.DevToolsPropertyDefaultsPostProcessor - For additional web related logging consider setting the 'logging.level.web' property to 'DEBUG'
2025-01-26 01:05:39 [restartedMain] INFO  o.s.d.r.c.RepositoryConfigurationDelegate - Bootstrapping Spring Data JPA repositories in DEFAULT mode.
2025-01-26 01:05:39 [restartedMain] INFO  o.s.d.r.c.RepositoryConfigurationDelegate - Finished Spring Data repository scanning in 28 ms. Found 1 JPA repository interface.
2025-01-26 01:05:39 [restartedMain] INFO  o.s.b.w.e.tomcat.TomcatWebServer - Tomcat initialized with port 9191 (http)
2025-01-26 01:05:39 [restartedMain] INFO  o.a.catalina.core.StandardService - Starting service [Tomcat]
2025-01-26 01:05:39 [restartedMain] INFO  o.a.catalina.core.StandardEngine - Starting Servlet engine: [Apache Tomcat/10.1.34]
2025-01-26 01:05:39 [restartedMain] INFO  o.a.c.c.C.[Tomcat].[localhost].[/] - Initializing Spring embedded WebApplicationContext
2025-01-26 01:05:39 [restartedMain] INFO  o.s.b.w.s.c.ServletWebServerApplicationContext - Root WebApplicationContext: initialization completed in 1034 ms
2025-01-26 01:05:39 [restartedMain] INFO  o.h.jpa.internal.util.LogHelper - HHH000204: Processing PersistenceUnitInfo [name: default]
2025-01-26 01:05:39 [restartedMain] INFO  org.hibernate.Version - HHH000412: Hibernate ORM core version 6.6.4.Final
2025-01-26 01:05:39 [restartedMain] INFO  o.h.c.i.RegionFactoryInitiator - HHH000026: Second-level cache disabled
2025-01-26 01:05:39 [restartedMain] INFO  o.s.o.j.p.SpringPersistenceUnitInfo - No LoadTimeWeaver setup: ignoring JPA class transformer
2025-01-26 01:05:39 [restartedMain] INFO  com.zaxxer.hikari.HikariDataSource - HikariPool-1 - Starting...
2025-01-26 01:05:40 [restartedMain] INFO  com.zaxxer.hikari.pool.HikariPool - HikariPool-1 - Added connection org.postgresql.jdbc.PgConnection@8cf06e0
2025-01-26 01:05:40 [restartedMain] INFO  com.zaxxer.hikari.HikariDataSource - HikariPool-1 - Start completed.
2025-01-26 01:05:40 [restartedMain] WARN  org.hibernate.orm.deprecation - HHH90000025: PostgreSQLDialect does not need to be specified explicitly using 'hibernate.dialect' (remove the property setting and it will be selected by default)
2025-01-26 01:05:40 [restartedMain] INFO  o.hibernate.orm.connections.pooling - HHH10001005: Database info:
	Database JDBC URL [Connecting through datasource 'HikariDataSource (HikariPool-1)']
	Database driver: undefined/unknown
	Database version: 17.2
	Autocommit mode: undefined/unknown
	Isolation level: undefined/unknown
	Minimum pool size: undefined/unknown
	Maximum pool size: undefined/unknown
2025-01-26 01:05:40 [restartedMain] INFO  o.h.e.t.j.p.i.JtaPlatformInitiator - HHH000489: No JTA platform available (set 'hibernate.transaction.jta.platform' to enable JTA platform integration)
2025-01-26 01:05:40 [restartedMain] INFO  o.s.o.j.LocalContainerEntityManagerFactoryBean - Initialized JPA EntityManagerFactory for persistence unit 'default'
2025-01-26 01:05:40 [restartedMain] WARN  o.s.b.w.s.c.AnnotationConfigServletWebServerApplicationContext - Exception encountered during context initialization - cancelling refresh attempt: org.springframework.beans.factory.UnsatisfiedDependencyException: Error creating bean with name 'eventPublisher' defined in file [/Users/uttam.gowda/IdeaProjects/crud-pulsar/build/classes/kotlin/main/com/personal/crud_pulsar/EventPublisher.class]: Unsatisfied dependency expressed through constructor parameter 0: Error creating bean with name 'org.springframework.boot.autoconfigure.pulsar.PulsarAutoConfiguration': Unsatisfied dependency expressed through constructor parameter 0: Error creating bean with name 'spring.pulsar-org.springframework.boot.autoconfigure.pulsar.PulsarProperties': Could not bind properties to 'PulsarProperties' : prefix=spring.pulsar, ignoreInvalidFields=false, ignoreUnknownFields=true
2025-01-26 01:05:40 [restartedMain] INFO  o.s.o.j.LocalContainerEntityManagerFactoryBean - Closing JPA EntityManagerFactory for persistence unit 'default'
2025-01-26 01:05:40 [restartedMain] INFO  com.zaxxer.hikari.HikariDataSource - HikariPool-1 - Shutdown initiated...
2025-01-26 01:05:40 [restartedMain] INFO  com.zaxxer.hikari.HikariDataSource - HikariPool-1 - Shutdown completed.
2025-01-26 01:05:40 [restartedMain] INFO  o.a.catalina.core.StandardService - Stopping service [Tomcat]
2025-01-26 01:05:40 [restartedMain] INFO  o.s.b.a.l.ConditionEvaluationReportLogger - 

Error starting ApplicationContext. To display the condition evaluation report re-run your application with 'debug' enabled.
2025-01-26 01:05:40 [restartedMain] ERROR o.s.b.d.LoggingFailureAnalysisReporter - 

***************************
APPLICATION FAILED TO START
***************************

Description:

Failed to bind properties under 'spring.pulsar.defaults.type-mappings[0].message-type' to java.lang.Class<?>:

    Property: spring.pulsar.defaults.type-mappings[0].message-type
    Value: "com.javatechie.dto.Customer"
    Origin: class path resource [application.yml] - 16:24
    Reason: failed to convert java.lang.String to java.lang.Class<?> (caused by java.lang.ClassNotFoundException: com.javatechie.dto.Customer)

Action:

Update your application's configuration

2025-01-26 01:06:44 [restartedMain] INFO  c.p.c.CrudPulsarApplicationKt - Starting CrudPulsarApplicationKt using Java 17.0.12 with PID 2237 (/Users/uttam.gowda/IdeaProjects/crud-pulsar/build/classes/kotlin/main started by uttam.gowda in /Users/uttam.gowda/IdeaProjects/crud-pulsar)
2025-01-26 01:06:44 [restartedMain] INFO  c.p.c.CrudPulsarApplicationKt - No active profile set, falling back to 1 default profile: "default"
2025-01-26 01:06:44 [restartedMain] INFO  o.s.b.d.restart.ChangeableUrls - The Class-Path manifest attribute in /Users/uttam.gowda/.gradle/caches/modules-2/files-2.1/org.springframework.pulsar/spring-pulsar-cache-provider-caffeine/1.2.1/c2b0ff3dd061069d916cb1df19e539eda19562e0/spring-pulsar-cache-provider-caffeine-1.2.1.jar referenced one or more files that do not exist: file:/Users/uttam.gowda/.gradle/caches/modules-2/files-2.1/org.springframework.pulsar/spring-pulsar-cache-provider-caffeine/1.2.1/c2b0ff3dd061069d916cb1df19e539eda19562e0/spring-pulsar-cache-provider-1.2.1.jar
2025-01-26 01:06:44 [restartedMain] INFO  o.s.b.d.e.DevToolsPropertyDefaultsPostProcessor - Devtools property defaults active! Set 'spring.devtools.add-properties' to 'false' to disable
2025-01-26 01:06:44 [restartedMain] INFO  o.s.b.d.e.DevToolsPropertyDefaultsPostProcessor - For additional web related logging consider setting the 'logging.level.web' property to 'DEBUG'
2025-01-26 01:06:45 [restartedMain] INFO  o.s.d.r.c.RepositoryConfigurationDelegate - Bootstrapping Spring Data JPA repositories in DEFAULT mode.
2025-01-26 01:06:45 [restartedMain] INFO  o.s.d.r.c.RepositoryConfigurationDelegate - Finished Spring Data repository scanning in 30 ms. Found 1 JPA repository interface.
2025-01-26 01:06:45 [restartedMain] INFO  o.s.b.w.e.tomcat.TomcatWebServer - Tomcat initialized with port 9191 (http)
2025-01-26 01:06:45 [restartedMain] INFO  o.a.catalina.core.StandardService - Starting service [Tomcat]
2025-01-26 01:06:45 [restartedMain] INFO  o.a.catalina.core.StandardEngine - Starting Servlet engine: [Apache Tomcat/10.1.34]
2025-01-26 01:06:45 [restartedMain] INFO  o.a.c.c.C.[Tomcat].[localhost].[/] - Initializing Spring embedded WebApplicationContext
2025-01-26 01:06:45 [restartedMain] INFO  o.s.b.w.s.c.ServletWebServerApplicationContext - Root WebApplicationContext: initialization completed in 991 ms
2025-01-26 01:06:45 [restartedMain] INFO  o.h.jpa.internal.util.LogHelper - HHH000204: Processing PersistenceUnitInfo [name: default]
2025-01-26 01:06:45 [restartedMain] INFO  org.hibernate.Version - HHH000412: Hibernate ORM core version 6.6.4.Final
2025-01-26 01:06:45 [restartedMain] INFO  o.h.c.i.RegionFactoryInitiator - HHH000026: Second-level cache disabled
2025-01-26 01:06:46 [restartedMain] INFO  o.s.o.j.p.SpringPersistenceUnitInfo - No LoadTimeWeaver setup: ignoring JPA class transformer
2025-01-26 01:06:46 [restartedMain] INFO  com.zaxxer.hikari.HikariDataSource - HikariPool-1 - Starting...
2025-01-26 01:06:46 [restartedMain] INFO  com.zaxxer.hikari.pool.HikariPool - HikariPool-1 - Added connection org.postgresql.jdbc.PgConnection@77a74d56
2025-01-26 01:06:46 [restartedMain] INFO  com.zaxxer.hikari.HikariDataSource - HikariPool-1 - Start completed.
2025-01-26 01:06:46 [restartedMain] WARN  org.hibernate.orm.deprecation - HHH90000025: PostgreSQLDialect does not need to be specified explicitly using 'hibernate.dialect' (remove the property setting and it will be selected by default)
2025-01-26 01:06:46 [restartedMain] INFO  o.hibernate.orm.connections.pooling - HHH10001005: Database info:
	Database JDBC URL [Connecting through datasource 'HikariDataSource (HikariPool-1)']
	Database driver: undefined/unknown
	Database version: 17.2
	Autocommit mode: undefined/unknown
	Isolation level: undefined/unknown
	Minimum pool size: undefined/unknown
	Maximum pool size: undefined/unknown
2025-01-26 01:06:46 [restartedMain] INFO  o.h.e.t.j.p.i.JtaPlatformInitiator - HHH000489: No JTA platform available (set 'hibernate.transaction.jta.platform' to enable JTA platform integration)
2025-01-26 01:06:46 [restartedMain] INFO  o.s.o.j.LocalContainerEntityManagerFactoryBean - Initialized JPA EntityManagerFactory for persistence unit 'default'
2025-01-26 01:06:46 [restartedMain] INFO  o.s.p.c.DefaultPulsarClientFactory - Using restartable client
2025-01-26 01:06:47 [restartedMain] ERROR o.a.p.s.i.n.r.d.DnsServerAddressStreamProviders - Unable to load org.apache.pulsar.shade.io.netty.resolver.dns.macos.MacOSDnsServerAddressStreamProvider, fallback to system defaults. This may result in incorrect DNS resolutions on MacOS. Check whether you have a dependency on 'io.netty:netty-resolver-dns-native-macos'. Use DEBUG level to see the full stack: java.lang.UnsatisfiedLinkError: failed to load the required native library
2025-01-26 01:06:47 [restartedMain] WARN  o.s.b.w.s.c.AnnotationConfigServletWebServerApplicationContext - Exception encountered during context initialization - cancelling refresh attempt: org.springframework.beans.factory.UnsatisfiedDependencyException: Error creating bean with name 'eventPublisher' defined in file [/Users/uttam.gowda/IdeaProjects/crud-pulsar/build/classes/kotlin/main/com/personal/crud_pulsar/EventPublisher.class]: Unsatisfied dependency expressed through constructor parameter 0: Error creating bean with name 'pulsarTemplate' defined in class path resource [org/springframework/boot/autoconfigure/pulsar/PulsarAutoConfiguration.class]: Unsatisfied dependency expressed through method 'pulsarTemplate' parameter 2: Error creating bean with name 'pulsarSchemaResolver' defined in class path resource [org/springframework/boot/autoconfigure/pulsar/PulsarConfiguration.class]: Failed to instantiate [org.springframework.pulsar.core.DefaultSchemaResolver]: Factory method 'pulsarSchemaResolver' threw exception with message: org/apache/pulsar/common/policies/data/DrainingHash
2025-01-26 01:06:47 [restartedMain] INFO  o.a.p.client.impl.PulsarClientImpl - Client closing. URL: pulsar://localhost:6650
2025-01-26 01:06:49 [restartedMain] INFO  o.s.o.j.LocalContainerEntityManagerFactoryBean - Closing JPA EntityManagerFactory for persistence unit 'default'
2025-01-26 01:06:49 [restartedMain] INFO  com.zaxxer.hikari.HikariDataSource - HikariPool-1 - Shutdown initiated...
2025-01-26 01:06:49 [restartedMain] INFO  com.zaxxer.hikari.HikariDataSource - HikariPool-1 - Shutdown completed.
2025-01-26 01:06:49 [restartedMain] INFO  o.a.catalina.core.StandardService - Stopping service [Tomcat]
2025-01-26 01:06:49 [restartedMain] INFO  o.s.b.a.l.ConditionEvaluationReportLogger - 

Error starting ApplicationContext. To display the condition evaluation report re-run your application with 'debug' enabled.
2025-01-26 01:06:49 [restartedMain] ERROR o.s.boot.SpringApplication - Application run failed
org.springframework.beans.factory.UnsatisfiedDependencyException: Error creating bean with name 'eventPublisher' defined in file [/Users/uttam.gowda/IdeaProjects/crud-pulsar/build/classes/kotlin/main/com/personal/crud_pulsar/EventPublisher.class]: Unsatisfied dependency expressed through constructor parameter 0: Error creating bean with name 'pulsarTemplate' defined in class path resource [org/springframework/boot/autoconfigure/pulsar/PulsarAutoConfiguration.class]: Unsatisfied dependency expressed through method 'pulsarTemplate' parameter 2: Error creating bean with name 'pulsarSchemaResolver' defined in class path resource [org/springframework/boot/autoconfigure/pulsar/PulsarConfiguration.class]: Failed to instantiate [org.springframework.pulsar.core.DefaultSchemaResolver]: Factory method 'pulsarSchemaResolver' threw exception with message: org/apache/pulsar/common/policies/data/DrainingHash
	at org.springframework.beans.factory.support.ConstructorResolver.createArgumentArray(ConstructorResolver.java:804)
	at org.springframework.beans.factory.support.ConstructorResolver.autowireConstructor(ConstructorResolver.java:240)
	at org.springframework.beans.factory.support.AbstractAutowireCapableBeanFactory.autowireConstructor(AbstractAutowireCapableBeanFactory.java:1377)
	at org.springframework.beans.factory.support.AbstractAutowireCapableBeanFactory.createBeanInstance(AbstractAutowireCapableBeanFactory.java:1214)
	at org.springframework.beans.factory.support.AbstractAutowireCapableBeanFactory.doCreateBean(AbstractAutowireCapableBeanFactory.java:563)
	at org.springframework.beans.factory.support.AbstractAutowireCapableBeanFactory.createBean(AbstractAutowireCapableBeanFactory.java:523)
	at org.springframework.beans.factory.support.AbstractBeanFactory.lambda$doGetBean$0(AbstractBeanFactory.java:336)
	at org.springframework.beans.factory.support.DefaultSingletonBeanRegistry.getSingleton(DefaultSingletonBeanRegistry.java:289)
	at org.springframework.beans.factory.support.AbstractBeanFactory.doGetBean(AbstractBeanFactory.java:334)
	at org.springframework.beans.factory.support.AbstractBeanFactory.getBean(AbstractBeanFactory.java:199)
	at org.springframework.beans.factory.support.DefaultListableBeanFactory.instantiateSingleton(DefaultListableBeanFactory.java:1122)
	at org.springframework.beans.factory.support.DefaultListableBeanFactory.preInstantiateSingleton(DefaultListableBeanFactory.java:1093)
	at org.springframework.beans.factory.support.DefaultListableBeanFactory.preInstantiateSingletons(DefaultListableBeanFactory.java:1030)
	at org.springframework.context.support.AbstractApplicationContext.finishBeanFactoryInitialization(AbstractApplicationContext.java:987)
	at org.springframework.context.support.AbstractApplicationContext.refresh(AbstractApplicationContext.java:627)
	at org.springframework.boot.web.servlet.context.ServletWebServerApplicationContext.refresh(ServletWebServerApplicationContext.java:146)
	at org.springframework.boot.SpringApplication.refresh(SpringApplication.java:752)
	at org.springframework.boot.SpringApplication.refreshContext(SpringApplication.java:439)
	at org.springframework.boot.SpringApplication.run(SpringApplication.java:318)
	at org.springframework.boot.SpringApplication.run(SpringApplication.java:1361)
	at org.springframework.boot.SpringApplication.run(SpringApplication.java:1350)
	at com.personal.crud_pulsar.CrudPulsarApplicationKt.main(CrudPulsarApplication.kt:15)
	at java.base/jdk.internal.reflect.NativeMethodAccessorImpl.invoke0(Native Method)
	at java.base/jdk.internal.reflect.NativeMethodAccessorImpl.invoke(NativeMethodAccessorImpl.java:77)
	at java.base/jdk.internal.reflect.DelegatingMethodAccessorImpl.invoke(DelegatingMethodAccessorImpl.java:43)
	at java.base/java.lang.reflect.Method.invoke(Method.java:568)
	at org.springframework.boot.devtools.restart.RestartLauncher.run(RestartLauncher.java:50)
Caused by: org.springframework.beans.factory.UnsatisfiedDependencyException: Error creating bean with name 'pulsarTemplate' defined in class path resource [org/springframework/boot/autoconfigure/pulsar/PulsarAutoConfiguration.class]: Unsatisfied dependency expressed through method 'pulsarTemplate' parameter 2: Error creating bean with name 'pulsarSchemaResolver' defined in class path resource [org/springframework/boot/autoconfigure/pulsar/PulsarConfiguration.class]: Failed to instantiate [org.springframework.pulsar.core.DefaultSchemaResolver]: Factory method 'pulsarSchemaResolver' threw exception with message: org/apache/pulsar/common/policies/data/DrainingHash
	at org.springframework.beans.factory.support.ConstructorResolver.createArgumentArray(ConstructorResolver.java:804)
	at org.springframework.beans.factory.support.ConstructorResolver.instantiateUsingFactoryMethod(ConstructorResolver.java:546)
	at org.springframework.beans.factory.support.AbstractAutowireCapableBeanFactory.instantiateUsingFactoryMethod(AbstractAutowireCapableBeanFactory.java:1357)
	at org.springframework.beans.factory.support.AbstractAutowireCapableBeanFactory.createBeanInstance(AbstractAutowireCapableBeanFactory.java:1187)
	at org.springframework.beans.factory.support.AbstractAutowireCapableBeanFactory.doCreateBean(AbstractAutowireCapableBeanFactory.java:563)
	at org.springframework.beans.factory.support.AbstractAutowireCapableBeanFactory.createBean(AbstractAutowireCapableBeanFactory.java:523)
	at org.springframework.beans.factory.support.AbstractBeanFactory.lambda$doGetBean$0(AbstractBeanFactory.java:336)
	at org.springframework.beans.factory.support.DefaultSingletonBeanRegistry.getSingleton(DefaultSingletonBeanRegistry.java:289)
	at org.springframework.beans.factory.support.AbstractBeanFactory.doGetBean(AbstractBeanFactory.java:334)
	at org.springframework.beans.factory.support.AbstractBeanFactory.getBean(AbstractBeanFactory.java:199)
	at org.springframework.beans.factory.config.DependencyDescriptor.resolveCandidate(DependencyDescriptor.java:254)
	at org.springframework.beans.factory.support.DefaultListableBeanFactory.doResolveDependency(DefaultListableBeanFactory.java:1631)
	at org.springframework.beans.factory.support.DefaultListableBeanFactory.resolveDependency(DefaultListableBeanFactory.java:1519)
	at org.springframework.beans.factory.support.ConstructorResolver.resolveAutowiredArgument(ConstructorResolver.java:913)
	at org.springframework.beans.factory.support.ConstructorResolver.createArgumentArray(ConstructorResolver.java:791)
	... 26 common frames omitted
Caused by: org.springframework.beans.factory.BeanCreationException: Error creating bean with name 'pulsarSchemaResolver' defined in class path resource [org/springframework/boot/autoconfigure/pulsar/PulsarConfiguration.class]: Failed to instantiate [org.springframework.pulsar.core.DefaultSchemaResolver]: Factory method 'pulsarSchemaResolver' threw exception with message: org/apache/pulsar/common/policies/data/DrainingHash
	at org.springframework.beans.factory.support.ConstructorResolver.instantiate(ConstructorResolver.java:657)
	at org.springframework.beans.factory.support.ConstructorResolver.instantiateUsingFactoryMethod(ConstructorResolver.java:645)
	at org.springframework.beans.factory.support.AbstractAutowireCapableBeanFactory.instantiateUsingFactoryMethod(AbstractAutowireCapableBeanFactory.java:1357)
	at org.springframework.beans.factory.support.AbstractAutowireCapableBeanFactory.createBeanInstance(AbstractAutowireCapableBeanFactory.java:1187)
	at org.springframework.beans.factory.support.AbstractAutowireCapableBeanFactory.doCreateBean(AbstractAutowireCapableBeanFactory.java:563)
	at org.springframework.beans.factory.support.AbstractAutowireCapableBeanFactory.createBean(AbstractAutowireCapableBeanFactory.java:523)
	at org.springframework.beans.factory.support.AbstractBeanFactory.lambda$doGetBean$0(AbstractBeanFactory.java:336)
	at org.springframework.beans.factory.support.DefaultSingletonBeanRegistry.getSingleton(DefaultSingletonBeanRegistry.java:289)
	at org.springframework.beans.factory.support.AbstractBeanFactory.doGetBean(AbstractBeanFactory.java:334)
	at org.springframework.beans.factory.support.AbstractBeanFactory.getBean(AbstractBeanFactory.java:199)
	at org.springframework.beans.factory.config.DependencyDescriptor.resolveCandidate(DependencyDescriptor.java:254)
	at org.springframework.beans.factory.support.DefaultListableBeanFactory.doResolveDependency(DefaultListableBeanFactory.java:1631)
	at org.springframework.beans.factory.support.DefaultListableBeanFactory.resolveDependency(DefaultListableBeanFactory.java:1519)
	at org.springframework.beans.factory.support.ConstructorResolver.resolveAutowiredArgument(ConstructorResolver.java:913)
	at org.springframework.beans.factory.support.ConstructorResolver.createArgumentArray(ConstructorResolver.java:791)
	... 40 common frames omitted
Caused by: org.springframework.beans.BeanInstantiationException: Failed to instantiate [org.springframework.pulsar.core.DefaultSchemaResolver]: Factory method 'pulsarSchemaResolver' threw exception with message: org/apache/pulsar/common/policies/data/DrainingHash
	at org.springframework.beans.factory.support.SimpleInstantiationStrategy.lambda$instantiate$0(SimpleInstantiationStrategy.java:199)
	at org.springframework.beans.factory.support.SimpleInstantiationStrategy.instantiateWithFactoryMethod(SimpleInstantiationStrategy.java:88)
	at org.springframework.beans.factory.support.SimpleInstantiationStrategy.instantiate(SimpleInstantiationStrategy.java:168)
	at org.springframework.beans.factory.support.ConstructorResolver.instantiate(ConstructorResolver.java:653)
	... 54 common frames omitted
Caused by: java.lang.NoClassDefFoundError: org/apache/pulsar/common/policies/data/DrainingHash
	at org.apache.pulsar.common.util.ObjectMapperFactory.setAnnotationsModule(ObjectMapperFactory.java:248)
	at org.apache.pulsar.common.util.ObjectMapperFactory.configureObjectMapper(ObjectMapperFactory.java:182)
	at org.apache.pulsar.common.util.ObjectMapperFactory.createObjectMapperInstance(ObjectMapperFactory.java:153)
	at org.apache.pulsar.common.util.ObjectMapperFactory.<clinit>(ObjectMapperFactory.java:144)
	at org.apache.pulsar.client.impl.schema.JSONSchema.createObjectMapper(JSONSchema.java:49)
	at org.apache.pulsar.client.impl.schema.JSONSchema.<clinit>(JSONSchema.java:46)
	at org.springframework.pulsar.core.DefaultSchemaResolver.jsonSchemaForMessageType(DefaultSchemaResolver.java:270)
	at org.springframework.pulsar.core.DefaultSchemaResolver.resolveSchema(DefaultSchemaResolver.java:235)
	at org.springframework.pulsar.core.SchemaResolver.resolveSchema(SchemaResolver.java:111)
	at org.springframework.boot.autoconfigure.pulsar.PulsarConfiguration.addCustomSchemaMapping(PulsarConfiguration.java:142)
	at org.springframework.boot.autoconfigure.pulsar.PulsarConfiguration.lambda$addCustomSchemaMappings$6(PulsarConfiguration.java:132)
	at java.base/java.util.ArrayList.forEach(ArrayList.java:1511)
	at org.springframework.boot.autoconfigure.pulsar.PulsarConfiguration.addCustomSchemaMappings(PulsarConfiguration.java:132)
	at org.springframework.boot.autoconfigure.pulsar.PulsarConfiguration.pulsarSchemaResolver(PulsarConfiguration.java:125)
	at java.base/jdk.internal.reflect.NativeMethodAccessorImpl.invoke0(Native Method)
	at java.base/jdk.internal.reflect.NativeMethodAccessorImpl.invoke(NativeMethodAccessorImpl.java:77)
	at java.base/jdk.internal.reflect.DelegatingMethodAccessorImpl.invoke(DelegatingMethodAccessorImpl.java:43)
	at java.base/java.lang.reflect.Method.invoke(Method.java:568)
	at org.springframework.beans.factory.support.SimpleInstantiationStrategy.lambda$instantiate$0(SimpleInstantiationStrategy.java:171)
	... 57 common frames omitted
Caused by: java.lang.ClassNotFoundException: org.apache.pulsar.common.policies.data.DrainingHash
	at java.base/jdk.internal.loader.BuiltinClassLoader.loadClass(BuiltinClassLoader.java:641)
	at java.base/jdk.internal.loader.ClassLoaders$AppClassLoader.loadClass(ClassLoaders.java:188)
	at java.base/java.lang.ClassLoader.loadClass(ClassLoader.java:525)
	... 76 common frames omitted
2025-01-26 01:09:42 [Test worker] INFO  c.p.c.CrudPulsarApplicationTests - Starting CrudPulsarApplicationTests using Java 17.0.12 with PID 2830 (started by uttam.gowda in /Users/uttam.gowda/IdeaProjects/crud-pulsar)
2025-01-26 01:09:42 [Test worker] INFO  c.p.c.CrudPulsarApplicationTests - No active profile set, falling back to 1 default profile: "default"
2025-01-26 01:09:42 [Test worker] INFO  o.s.d.r.c.RepositoryConfigurationDelegate - Bootstrapping Spring Data JPA repositories in DEFAULT mode.
2025-01-26 01:09:42 [Test worker] INFO  o.s.d.r.c.RepositoryConfigurationDelegate - Finished Spring Data repository scanning in 30 ms. Found 1 JPA repository interface.
2025-01-26 01:09:42 [Test worker] INFO  o.h.jpa.internal.util.LogHelper - HHH000204: Processing PersistenceUnitInfo [name: default]
2025-01-26 01:09:42 [Test worker] INFO  org.hibernate.Version - HHH000412: Hibernate ORM core version 6.6.4.Final
2025-01-26 01:09:42 [Test worker] INFO  o.h.c.i.RegionFactoryInitiator - HHH000026: Second-level cache disabled
2025-01-26 01:09:43 [Test worker] INFO  o.s.o.j.p.SpringPersistenceUnitInfo - No LoadTimeWeaver setup: ignoring JPA class transformer
2025-01-26 01:09:43 [Test worker] INFO  com.zaxxer.hikari.HikariDataSource - HikariPool-1 - Starting...
2025-01-26 01:09:43 [Test worker] INFO  com.zaxxer.hikari.pool.HikariPool - HikariPool-1 - Added connection org.postgresql.jdbc.PgConnection@1e8bccfb
2025-01-26 01:09:43 [Test worker] INFO  com.zaxxer.hikari.HikariDataSource - HikariPool-1 - Start completed.
2025-01-26 01:09:43 [Test worker] WARN  org.hibernate.orm.deprecation - HHH90000025: PostgreSQLDialect does not need to be specified explicitly using 'hibernate.dialect' (remove the property setting and it will be selected by default)
2025-01-26 01:09:43 [Test worker] INFO  o.hibernate.orm.connections.pooling - HHH10001005: Database info:
	Database JDBC URL [Connecting through datasource 'HikariDataSource (HikariPool-1)']
	Database driver: undefined/unknown
	Database version: 17.2
	Autocommit mode: undefined/unknown
	Isolation level: undefined/unknown
	Minimum pool size: undefined/unknown
	Maximum pool size: undefined/unknown
2025-01-26 01:09:43 [Test worker] INFO  o.h.e.t.j.p.i.JtaPlatformInitiator - HHH000489: No JTA platform available (set 'hibernate.transaction.jta.platform' to enable JTA platform integration)
2025-01-26 01:09:43 [Test worker] INFO  o.s.o.j.LocalContainerEntityManagerFactoryBean - Initialized JPA EntityManagerFactory for persistence unit 'default'
2025-01-26 01:09:43 [Test worker] INFO  o.s.p.c.DefaultPulsarClientFactory - Using restartable client
2025-01-26 01:09:43 [Test worker] ERROR o.a.p.s.i.n.r.d.DnsServerAddressStreamProviders - Unable to load org.apache.pulsar.shade.io.netty.resolver.dns.macos.MacOSDnsServerAddressStreamProvider, fallback to system defaults. This may result in incorrect DNS resolutions on MacOS. Check whether you have a dependency on 'io.netty:netty-resolver-dns-native-macos'. Use DEBUG level to see the full stack: java.lang.UnsatisfiedLinkError: failed to load the required native library
2025-01-26 01:09:43 [Test worker] WARN  o.a.p.c.util.netty.DnsResolverUtil - Cannot get DNS TTL settings from sun.net.InetAddressCachePolicy class
java.lang.IllegalAccessException: class org.apache.pulsar.common.util.netty.DnsResolverUtil cannot access class sun.net.InetAddressCachePolicy (in module java.base) because module java.base does not export sun.net to unnamed module @673bfdf3
	at java.base/jdk.internal.reflect.Reflection.newIllegalAccessException(Reflection.java:392)
	at java.base/java.lang.reflect.AccessibleObject.checkAccess(AccessibleObject.java:674)
	at java.base/java.lang.reflect.Method.invoke(Method.java:560)
	at org.apache.pulsar.common.util.netty.DnsResolverUtil.<clinit>(DnsResolverUtil.java:46)
	at org.apache.pulsar.client.impl.ConnectionPool.createAddressResolver(ConnectionPool.java:159)
	at org.apache.pulsar.client.impl.ConnectionPool.lambda$new$1(ConnectionPool.java:126)
	at java.base/java.util.Optional.orElseGet(Optional.java:364)
	at org.apache.pulsar.client.impl.ConnectionPool.<init>(ConnectionPool.java:126)
	at org.apache.pulsar.client.impl.ConnectionPool.<init>(ConnectionPool.java:95)
	at org.apache.pulsar.client.impl.ConnectionPool.<init>(ConnectionPool.java:90)
	at org.apache.pulsar.client.impl.PulsarClientImpl.<init>(PulsarClientImpl.java:196)
	at org.apache.pulsar.client.impl.PulsarClientImpl.<init>(PulsarClientImpl.java:153)
	at org.apache.pulsar.client.impl.ClientBuilderImpl.build(ClientBuilderImpl.java:63)
	at org.springframework.pulsar.core.PulsarClientProxy.createInstance(PulsarClientProxy.java:97)
	at org.springframework.pulsar.core.PulsarClientProxy.createInstance(PulsarClientProxy.java:47)
	at org.springframework.pulsar.core.RestartableSingletonFactory.ensureInstanceCreated(RestartableSingletonFactory.java:72)
	at org.springframework.pulsar.core.RestartableSingletonFactory.afterPropertiesSet(RestartableSingletonFactory.java:61)
	at org.springframework.beans.factory.support.AbstractAutowireCapableBeanFactory.invokeInitMethods(AbstractAutowireCapableBeanFactory.java:1855)
	at org.springframework.beans.factory.support.AbstractAutowireCapableBeanFactory.initializeBean(AbstractAutowireCapableBeanFactory.java:1804)
	at org.springframework.beans.factory.support.AbstractAutowireCapableBeanFactory.doCreateBean(AbstractAutowireCapableBeanFactory.java:601)
	at org.springframework.beans.factory.support.AbstractAutowireCapableBeanFactory.createBean(AbstractAutowireCapableBeanFactory.java:523)
	at org.springframework.beans.factory.support.AbstractBeanFactory.lambda$doGetBean$0(AbstractBeanFactory.java:336)
	at org.springframework.beans.factory.support.DefaultSingletonBeanRegistry.getSingleton(DefaultSingletonBeanRegistry.java:289)
	at org.springframework.beans.factory.support.AbstractBeanFactory.doGetBean(AbstractBeanFactory.java:334)
	at org.springframework.beans.factory.support.AbstractBeanFactory.getBean(AbstractBeanFactory.java:199)
	at org.springframework.beans.factory.support.DefaultListableBeanFactory.doResolveDependency(DefaultListableBeanFactory.java:1573)
	at org.springframework.beans.factory.support.DefaultListableBeanFactory.resolveDependency(DefaultListableBeanFactory.java:1519)
	at org.springframework.beans.factory.support.ConstructorResolver.resolveAutowiredArgument(ConstructorResolver.java:913)
	at org.springframework.beans.factory.support.ConstructorResolver.createArgumentArray(ConstructorResolver.java:791)
	at org.springframework.beans.factory.support.ConstructorResolver.instantiateUsingFactoryMethod(ConstructorResolver.java:546)
	at org.springframework.beans.factory.support.AbstractAutowireCapableBeanFactory.instantiateUsingFactoryMethod(AbstractAutowireCapableBeanFactory.java:1357)
	at org.springframework.beans.factory.support.AbstractAutowireCapableBeanFactory.createBeanInstance(AbstractAutowireCapableBeanFactory.java:1187)
	at org.springframework.beans.factory.support.AbstractAutowireCapableBeanFactory.doCreateBean(AbstractAutowireCapableBeanFactory.java:563)
	at org.springframework.beans.factory.support.AbstractAutowireCapableBeanFactory.createBean(AbstractAutowireCapableBeanFactory.java:523)
	at org.springframework.beans.factory.support.AbstractBeanFactory.lambda$doGetBean$0(AbstractBeanFactory.java:336)
	at org.springframework.beans.factory.support.DefaultSingletonBeanRegistry.getSingleton(DefaultSingletonBeanRegistry.java:289)
	at org.springframework.beans.factory.support.AbstractBeanFactory.doGetBean(AbstractBeanFactory.java:334)
	at org.springframework.beans.factory.support.AbstractBeanFactory.getBean(AbstractBeanFactory.java:199)
	at org.springframework.beans.factory.config.DependencyDescriptor.resolveCandidate(DependencyDescriptor.java:254)
	at org.springframework.beans.factory.support.DefaultListableBeanFactory.doResolveDependency(DefaultListableBeanFactory.java:1631)
	at org.springframework.beans.factory.support.DefaultListableBeanFactory.resolveDependency(DefaultListableBeanFactory.java:1519)
	at org.springframework.beans.factory.support.ConstructorResolver.resolveAutowiredArgument(ConstructorResolver.java:913)
	at org.springframework.beans.factory.support.ConstructorResolver.createArgumentArray(ConstructorResolver.java:791)
	at org.springframework.beans.factory.support.ConstructorResolver.instantiateUsingFactoryMethod(ConstructorResolver.java:546)
	at org.springframework.beans.factory.support.AbstractAutowireCapableBeanFactory.instantiateUsingFactoryMethod(AbstractAutowireCapableBeanFactory.java:1357)
	at org.springframework.beans.factory.support.AbstractAutowireCapableBeanFactory.createBeanInstance(AbstractAutowireCapableBeanFactory.java:1187)
	at org.springframework.beans.factory.support.AbstractAutowireCapableBeanFactory.doCreateBean(AbstractAutowireCapableBeanFactory.java:563)
	at org.springframework.beans.factory.support.AbstractAutowireCapableBeanFactory.createBean(AbstractAutowireCapableBeanFactory.java:523)
	at org.springframework.beans.factory.support.AbstractBeanFactory.lambda$doGetBean$0(AbstractBeanFactory.java:336)
	at org.springframework.beans.factory.support.DefaultSingletonBeanRegistry.getSingleton(DefaultSingletonBeanRegistry.java:289)
	at org.springframework.beans.factory.support.AbstractBeanFactory.doGetBean(AbstractBeanFactory.java:334)
	at org.springframework.beans.factory.support.AbstractBeanFactory.getBean(AbstractBeanFactory.java:199)
	at org.springframework.beans.factory.config.DependencyDescriptor.resolveCandidate(DependencyDescriptor.java:254)
	at org.springframework.beans.factory.support.DefaultListableBeanFactory.doResolveDependency(DefaultListableBeanFactory.java:1631)
	at org.springframework.beans.factory.support.DefaultListableBeanFactory.resolveDependency(DefaultListableBeanFactory.java:1519)
	at org.springframework.beans.factory.support.ConstructorResolver.resolveAutowiredArgument(ConstructorResolver.java:913)
	at org.springframework.beans.factory.support.ConstructorResolver.createArgumentArray(ConstructorResolver.java:791)
	at org.springframework.beans.factory.support.ConstructorResolver.autowireConstructor(ConstructorResolver.java:240)
	at org.springframework.beans.factory.support.AbstractAutowireCapableBeanFactory.autowireConstructor(AbstractAutowireCapableBeanFactory.java:1377)
	at org.springframework.beans.factory.support.AbstractAutowireCapableBeanFactory.createBeanInstance(AbstractAutowireCapableBeanFactory.java:1214)
	at org.springframework.beans.factory.support.AbstractAutowireCapableBeanFactory.doCreateBean(AbstractAutowireCapableBeanFactory.java:563)
	at org.springframework.beans.factory.support.AbstractAutowireCapableBeanFactory.createBean(AbstractAutowireCapableBeanFactory.java:523)
	at org.springframework.beans.factory.support.AbstractBeanFactory.lambda$doGetBean$0(AbstractBeanFactory.java:336)
	at org.springframework.beans.factory.support.DefaultSingletonBeanRegistry.getSingleton(DefaultSingletonBeanRegistry.java:289)
	at org.springframework.beans.factory.support.AbstractBeanFactory.doGetBean(AbstractBeanFactory.java:334)
	at org.springframework.beans.factory.support.AbstractBeanFactory.getBean(AbstractBeanFactory.java:199)
	at org.springframework.beans.factory.support.DefaultListableBeanFactory.instantiateSingleton(DefaultListableBeanFactory.java:1122)
	at org.springframework.beans.factory.support.DefaultListableBeanFactory.preInstantiateSingleton(DefaultListableBeanFactory.java:1093)
	at org.springframework.beans.factory.support.DefaultListableBeanFactory.preInstantiateSingletons(DefaultListableBeanFactory.java:1030)
	at org.springframework.context.support.AbstractApplicationContext.finishBeanFactoryInitialization(AbstractApplicationContext.java:987)
	at org.springframework.context.support.AbstractApplicationContext.refresh(AbstractApplicationContext.java:627)
	at org.springframework.boot.SpringApplication.refresh(SpringApplication.java:752)
	at org.springframework.boot.SpringApplication.refreshContext(SpringApplication.java:439)
	at org.springframework.boot.SpringApplication.run(SpringApplication.java:318)
	at org.springframework.boot.test.context.SpringBootContextLoader.lambda$loadContext$3(SpringBootContextLoader.java:137)
	at org.springframework.util.function.ThrowingSupplier.get(ThrowingSupplier.java:58)
	at org.springframework.util.function.ThrowingSupplier.get(ThrowingSupplier.java:46)
	at org.springframework.boot.SpringApplication.withHook(SpringApplication.java:1461)
	at org.springframework.boot.test.context.SpringBootContextLoader$ContextLoaderHook.run(SpringBootContextLoader.java:553)
	at org.springframework.boot.test.context.SpringBootContextLoader.loadContext(SpringBootContextLoader.java:137)
	at org.springframework.boot.test.context.SpringBootContextLoader.loadContext(SpringBootContextLoader.java:108)
	at org.springframework.test.context.cache.DefaultCacheAwareContextLoaderDelegate.loadContextInternal(DefaultCacheAwareContextLoaderDelegate.java:225)
	at org.springframework.test.context.cache.DefaultCacheAwareContextLoaderDelegate.loadContext(DefaultCacheAwareContextLoaderDelegate.java:152)
	at org.springframework.test.context.support.DefaultTestContext.getApplicationContext(DefaultTestContext.java:130)
	at org.springframework.test.context.web.ServletTestExecutionListener.setUpRequestContextIfNecessary(ServletTestExecutionListener.java:191)
	at org.springframework.test.context.web.ServletTestExecutionListener.prepareTestInstance(ServletTestExecutionListener.java:130)
	at org.springframework.test.context.TestContextManager.prepareTestInstance(TestContextManager.java:260)
	at org.springframework.test.context.junit.jupiter.SpringExtension.postProcessTestInstance(SpringExtension.java:160)
	at org.junit.jupiter.engine.descriptor.ClassBasedTestDescriptor.lambda$invokeTestInstancePostProcessors$11(ClassBasedTestDescriptor.java:378)
	at org.junit.jupiter.engine.descriptor.ClassBasedTestDescriptor.executeAndMaskThrowable(ClassBasedTestDescriptor.java:383)
	at org.junit.jupiter.engine.descriptor.ClassBasedTestDescriptor.lambda$invokeTestInstancePostProcessors$12(ClassBasedTestDescriptor.java:378)
	at java.base/java.util.stream.ForEachOps$ForEachOp$OfRef.accept(ForEachOps.java:183)
	at java.base/java.util.stream.ReferencePipeline$3$1.accept(ReferencePipeline.java:197)
	at java.base/java.util.stream.ReferencePipeline$2$1.accept(ReferencePipeline.java:179)
	at java.base/java.util.stream.ReferencePipeline$3$1.accept(ReferencePipeline.java:197)
	at java.base/java.util.ArrayList$ArrayListSpliterator.forEachRemaining(ArrayList.java:1625)
	at java.base/java.util.stream.AbstractPipeline.copyInto(AbstractPipeline.java:509)
	at java.base/java.util.stream.AbstractPipeline.wrapAndCopyInto(AbstractPipeline.java:499)
	at java.base/java.util.stream.ForEachOps$ForEachOp.evaluateSequential(ForEachOps.java:150)
	at java.base/java.util.stream.ForEachOps$ForEachOp$OfRef.evaluateSequential(ForEachOps.java:173)
	at java.base/java.util.stream.AbstractPipeline.evaluate(AbstractPipeline.java:234)
	at java.base/java.util.stream.ReferencePipeline.forEach(ReferencePipeline.java:596)
	at org.junit.jupiter.engine.descriptor.ClassBasedTestDescriptor.invokeTestInstancePostProcessors(ClassBasedTestDescriptor.java:377)
	at org.junit.jupiter.engine.descriptor.ClassBasedTestDescriptor.lambda$instantiateAndPostProcessTestInstance$7(ClassBasedTestDescriptor.java:290)
	at org.junit.platform.engine.support.hierarchical.ThrowableCollector.execute(ThrowableCollector.java:73)
	at org.junit.jupiter.engine.descriptor.ClassBasedTestDescriptor.instantiateAndPostProcessTestInstance(ClassBasedTestDescriptor.java:289)
	at org.junit.jupiter.engine.descriptor.ClassBasedTestDescriptor.lambda$testInstancesProvider$5(ClassBasedTestDescriptor.java:279)
	at java.base/java.util.Optional.orElseGet(Optional.java:364)
	at org.junit.jupiter.engine.descriptor.ClassBasedTestDescriptor.lambda$testInstancesProvider$6(ClassBasedTestDescriptor.java:278)
	at org.junit.jupiter.engine.execution.TestInstancesProvider.getTestInstances(TestInstancesProvider.java:31)
	at org.junit.jupiter.engine.descriptor.TestMethodTestDescriptor.lambda$prepare$1(TestMethodTestDescriptor.java:105)
	at org.junit.platform.engine.support.hierarchical.ThrowableCollector.execute(ThrowableCollector.java:73)
	at org.junit.jupiter.engine.descriptor.TestMethodTestDescriptor.prepare(TestMethodTestDescriptor.java:104)
	at org.junit.jupiter.engine.descriptor.TestMethodTestDescriptor.prepare(TestMethodTestDescriptor.java:68)
	at org.junit.platform.engine.support.hierarchical.NodeTestTask.lambda$prepare$2(NodeTestTask.java:128)
	at org.junit.platform.engine.support.hierarchical.ThrowableCollector.execute(ThrowableCollector.java:73)
	at org.junit.platform.engine.support.hierarchical.NodeTestTask.prepare(NodeTestTask.java:128)
	at org.junit.platform.engine.support.hierarchical.NodeTestTask.execute(NodeTestTask.java:95)
	at java.base/java.util.ArrayList.forEach(ArrayList.java:1511)
	at org.junit.platform.engine.support.hierarchical.SameThreadHierarchicalTestExecutorService.invokeAll(SameThreadHierarchicalTestExecutorService.java:41)
	at org.junit.platform.engine.support.hierarchical.NodeTestTask.lambda$executeRecursively$6(NodeTestTask.java:160)
	at org.junit.platform.engine.support.hierarchical.ThrowableCollector.execute(ThrowableCollector.java:73)
	at org.junit.platform.engine.support.hierarchical.NodeTestTask.lambda$executeRecursively$8(NodeTestTask.java:146)
	at org.junit.platform.engine.support.hierarchical.Node.around(Node.java:137)
	at org.junit.platform.engine.support.hierarchical.NodeTestTask.lambda$executeRecursively$9(NodeTestTask.java:144)
	at org.junit.platform.engine.support.hierarchical.ThrowableCollector.execute(ThrowableCollector.java:73)
	at org.junit.platform.engine.support.hierarchical.NodeTestTask.executeRecursively(NodeTestTask.java:143)
	at org.junit.platform.engine.support.hierarchical.NodeTestTask.execute(NodeTestTask.java:100)
	at java.base/java.util.ArrayList.forEach(ArrayList.java:1511)
	at org.junit.platform.engine.support.hierarchical.SameThreadHierarchicalTestExecutorService.invokeAll(SameThreadHierarchicalTestExecutorService.java:41)
	at org.junit.platform.engine.support.hierarchical.NodeTestTask.lambda$executeRecursively$6(NodeTestTask.java:160)
	at org.junit.platform.engine.support.hierarchical.ThrowableCollector.execute(ThrowableCollector.java:73)
	at org.junit.platform.engine.support.hierarchical.NodeTestTask.lambda$executeRecursively$8(NodeTestTask.java:146)
	at org.junit.platform.engine.support.hierarchical.Node.around(Node.java:137)
	at org.junit.platform.engine.support.hierarchical.NodeTestTask.lambda$executeRecursively$9(NodeTestTask.java:144)
	at org.junit.platform.engine.support.hierarchical.ThrowableCollector.execute(ThrowableCollector.java:73)
	at org.junit.platform.engine.support.hierarchical.NodeTestTask.executeRecursively(NodeTestTask.java:143)
	at org.junit.platform.engine.support.hierarchical.NodeTestTask.execute(NodeTestTask.java:100)
	at org.junit.platform.engine.support.hierarchical.SameThreadHierarchicalTestExecutorService.submit(SameThreadHierarchicalTestExecutorService.java:35)
	at org.junit.platform.engine.support.hierarchical.HierarchicalTestExecutor.execute(HierarchicalTestExecutor.java:57)
	at org.junit.platform.engine.support.hierarchical.HierarchicalTestEngine.execute(HierarchicalTestEngine.java:54)
	at org.junit.platform.launcher.core.EngineExecutionOrchestrator.execute(EngineExecutionOrchestrator.java:198)
	at org.junit.platform.launcher.core.EngineExecutionOrchestrator.execute(EngineExecutionOrchestrator.java:169)
	at org.junit.platform.launcher.core.EngineExecutionOrchestrator.execute(EngineExecutionOrchestrator.java:93)
	at org.junit.platform.launcher.core.EngineExecutionOrchestrator.lambda$execute$0(EngineExecutionOrchestrator.java:58)
	at org.junit.platform.launcher.core.EngineExecutionOrchestrator.withInterceptedStreams(EngineExecutionOrchestrator.java:141)
	at org.junit.platform.launcher.core.EngineExecutionOrchestrator.execute(EngineExecutionOrchestrator.java:57)
	at org.junit.platform.launcher.core.DefaultLauncher.execute(DefaultLauncher.java:103)
	at org.junit.platform.launcher.core.DefaultLauncher.execute(DefaultLauncher.java:85)
	at org.junit.platform.launcher.core.DelegatingLauncher.execute(DelegatingLauncher.java:47)
	at org.gradle.api.internal.tasks.testing.junitplatform.JUnitPlatformTestClassProcessor$CollectAllTestClassesExecutor.processAllTestClasses(JUnitPlatformTestClassProcessor.java:124)
	at org.gradle.api.internal.tasks.testing.junitplatform.JUnitPlatformTestClassProcessor$CollectAllTestClassesExecutor.access$000(JUnitPlatformTestClassProcessor.java:99)
	at org.gradle.api.internal.tasks.testing.junitplatform.JUnitPlatformTestClassProcessor.stop(JUnitPlatformTestClassProcessor.java:94)
	at org.gradle.api.internal.tasks.testing.SuiteTestClassProcessor.stop(SuiteTestClassProcessor.java:63)
	at java.base/jdk.internal.reflect.NativeMethodAccessorImpl.invoke0(Native Method)
	at java.base/jdk.internal.reflect.NativeMethodAccessorImpl.invoke(NativeMethodAccessorImpl.java:77)
	at java.base/jdk.internal.reflect.DelegatingMethodAccessorImpl.invoke(DelegatingMethodAccessorImpl.java:43)
	at java.base/java.lang.reflect.Method.invoke(Method.java:568)
	at org.gradle.internal.dispatch.ReflectionDispatch.dispatch(ReflectionDispatch.java:36)
	at org.gradle.internal.dispatch.ReflectionDispatch.dispatch(ReflectionDispatch.java:24)
	at org.gradle.internal.dispatch.ContextClassLoaderDispatch.dispatch(ContextClassLoaderDispatch.java:33)
	at org.gradle.internal.dispatch.ProxyDispatchAdapter$DispatchingInvocationHandler.invoke(ProxyDispatchAdapter.java:92)
	at jdk.proxy1/jdk.proxy1.$Proxy4.stop(Unknown Source)
	at org.gradle.api.internal.tasks.testing.worker.TestWorker$3.run(TestWorker.java:200)
	at org.gradle.api.internal.tasks.testing.worker.TestWorker.executeAndMaintainThreadName(TestWorker.java:132)
	at org.gradle.api.internal.tasks.testing.worker.TestWorker.execute(TestWorker.java:103)
	at org.gradle.api.internal.tasks.testing.worker.TestWorker.execute(TestWorker.java:63)
	at org.gradle.process.internal.worker.child.ActionExecutionWorker.execute(ActionExecutionWorker.java:56)
	at org.gradle.process.internal.worker.child.SystemApplicationClassLoaderWorker.call(SystemApplicationClassLoaderWorker.java:121)
	at org.gradle.process.internal.worker.child.SystemApplicationClassLoaderWorker.call(SystemApplicationClassLoaderWorker.java:71)
	at worker.org.gradle.process.internal.worker.GradleWorkerMain.run(GradleWorkerMain.java:69)
	at worker.org.gradle.process.internal.worker.GradleWorkerMain.main(GradleWorkerMain.java:74)
2025-01-26 01:09:44 [Test worker] WARN  o.s.b.a.o.j.JpaBaseConfiguration$JpaWebConfiguration - spring.jpa.open-in-view is enabled by default. Therefore, database queries may be performed during view rendering. Explicitly configure spring.jpa.open-in-view to disable this warning
2025-01-26 01:09:44 [pulsar-client-io-1-3] INFO  o.a.p.client.impl.ConnectionPool - [[id: 0x7aeecb95, L:/127.0.0.1:60168 - R:localhost/127.0.0.1:6650]] Connected to server
2025-01-26 01:09:44 [pulsar-client-io-1-3] INFO  o.a.p.c.i.ConsumerStatsRecorderImpl - Starting Pulsar consumer status recorder with config: {"topicNames":["persistent://public/default/jt-raw-topic"],"topicsPattern":null,"subscriptionName":"my-subscription","subscriptionType":"Shared","subscriptionProperties":null,"subscriptionMode":"Durable","receiverQueueSize":1000,"acknowledgementsGroupTimeMicros":100000,"maxAcknowledgmentGroupSize":1000,"negativeAckRedeliveryDelayMicros":60000000,"maxTotalReceiverQueueSizeAcrossPartitions":50000,"consumerName":null,"ackTimeoutMillis":0,"tickDurationMillis":1000,"priorityLevel":0,"maxPendingChunkedMessage":10,"autoAckOldestChunkedMessageOnQueueFull":false,"expireTimeOfIncompleteChunkedMessageMillis":60000,"cryptoFailureAction":"FAIL","properties":{},"readCompacted":false,"subscriptionInitialPosition":"Latest","patternAutoDiscoveryPeriod":60,"regexSubscriptionMode":"PersistentOnly","deadLetterPolicy":null,"retryEnable":false,"autoUpdatePartitions":true,"autoUpdatePartitionsIntervalSeconds":60,"replicateSubscriptionState":false,"resetIncludeHead":false,"batchIndexAckEnabled":false,"ackReceiptEnabled":false,"poolMessages":false,"startPaused":false,"autoScaledReceiverQueueSizeEnabled":false,"topicConfigurations":[],"maxPendingChuckedMessage":10}
2025-01-26 01:09:44 [pulsar-client-io-1-3] INFO  o.a.p.c.i.ConsumerStatsRecorderImpl - Pulsar client config: {"serviceUrl":"pulsar://localhost:6650","authPluginClassName":null,"authParams":null,"authParamMap":null,"operationTimeoutMs":30000,"lookupTimeoutMs":30000,"statsIntervalSeconds":60,"numIoThreads":8,"numListenerThreads":8,"connectionsPerBroker":1,"connectionMaxIdleSeconds":180,"useTcpNoDelay":true,"useTls":false,"tlsKeyFilePath":null,"tlsCertificateFilePath":null,"tlsTrustCertsFilePath":null,"tlsAllowInsecureConnection":false,"tlsHostnameVerificationEnable":false,"concurrentLookupRequest":5000,"maxLookupRequest":50000,"maxLookupRedirects":20,"maxNumberOfRejectedRequestPerConnection":50,"keepAliveIntervalSeconds":30,"connectionTimeoutMs":10000,"requestTimeoutMs":60000,"readTimeoutMs":60000,"autoCertRefreshSeconds":300,"initialBackoffIntervalNanos":100000000,"maxBackoffIntervalNanos":60000000000,"enableBusyWait":false,"listenerName":null,"useKeyStoreTls":false,"sslProvider":null,"tlsKeyStoreType":"JKS","tlsKeyStorePath":null,"tlsKeyStorePassword":null,"tlsTrustStoreType":"JKS","tlsTrustStorePath":null,"tlsTrustStorePassword":null,"tlsCiphers":[],"tlsProtocols":[],"memoryLimitBytes":67108864,"proxyServiceUrl":null,"proxyProtocol":null,"enableTransaction":false,"dnsLookupBindAddress":null,"dnsLookupBindPort":0,"socks5ProxyAddress":null,"socks5ProxyUsername":null,"socks5ProxyPassword":null,"description":null}
2025-01-26 01:09:45 [pulsar-client-io-1-3] INFO  o.a.pulsar.client.impl.ConsumerImpl - [persistent://public/default/jt-raw-topic][my-subscription] Subscribing to topic on cnx [id: 0x7aeecb95, L:/127.0.0.1:60168 - R:localhost/127.0.0.1:6650], consumerId 0
2025-01-26 01:09:47 [pulsar-client-io-1-3] INFO  o.a.pulsar.client.impl.ConsumerImpl - [persistent://public/default/jt-raw-topic][my-subscription] Subscribed to topic on localhost/127.0.0.1:6650 -- consumer: 0
2025-01-26 01:09:47 [pulsar-client-io-1-3] INFO  o.a.p.c.i.ConsumerStatsRecorderImpl - Starting Pulsar consumer status recorder with config: {"topicNames":["persistent://public/default/jt-plain-topic"],"topicsPattern":null,"subscriptionName":"my-subscription","subscriptionType":"Shared","subscriptionProperties":null,"subscriptionMode":"Durable","receiverQueueSize":1000,"acknowledgementsGroupTimeMicros":100000,"maxAcknowledgmentGroupSize":1000,"negativeAckRedeliveryDelayMicros":60000000,"maxTotalReceiverQueueSizeAcrossPartitions":50000,"consumerName":null,"ackTimeoutMillis":0,"tickDurationMillis":1000,"priorityLevel":0,"maxPendingChunkedMessage":10,"autoAckOldestChunkedMessageOnQueueFull":false,"expireTimeOfIncompleteChunkedMessageMillis":60000,"cryptoFailureAction":"FAIL","properties":{},"readCompacted":false,"subscriptionInitialPosition":"Latest","patternAutoDiscoveryPeriod":60,"regexSubscriptionMode":"PersistentOnly","deadLetterPolicy":null,"retryEnable":false,"autoUpdatePartitions":true,"autoUpdatePartitionsIntervalSeconds":60,"replicateSubscriptionState":false,"resetIncludeHead":false,"batchIndexAckEnabled":false,"ackReceiptEnabled":false,"poolMessages":false,"startPaused":false,"autoScaledReceiverQueueSizeEnabled":false,"topicConfigurations":[],"maxPendingChuckedMessage":10}
2025-01-26 01:09:47 [pulsar-client-io-1-3] INFO  o.a.p.c.i.ConsumerStatsRecorderImpl - Pulsar client config: {"serviceUrl":"pulsar://localhost:6650","authPluginClassName":null,"authParams":null,"authParamMap":null,"operationTimeoutMs":30000,"lookupTimeoutMs":30000,"statsIntervalSeconds":60,"numIoThreads":8,"numListenerThreads":8,"connectionsPerBroker":1,"connectionMaxIdleSeconds":180,"useTcpNoDelay":true,"useTls":false,"tlsKeyFilePath":null,"tlsCertificateFilePath":null,"tlsTrustCertsFilePath":null,"tlsAllowInsecureConnection":false,"tlsHostnameVerificationEnable":false,"concurrentLookupRequest":5000,"maxLookupRequest":50000,"maxLookupRedirects":20,"maxNumberOfRejectedRequestPerConnection":50,"keepAliveIntervalSeconds":30,"connectionTimeoutMs":10000,"requestTimeoutMs":60000,"readTimeoutMs":60000,"autoCertRefreshSeconds":300,"initialBackoffIntervalNanos":100000000,"maxBackoffIntervalNanos":60000000000,"enableBusyWait":false,"listenerName":null,"useKeyStoreTls":false,"sslProvider":null,"tlsKeyStoreType":"JKS","tlsKeyStorePath":null,"tlsKeyStorePassword":null,"tlsTrustStoreType":"JKS","tlsTrustStorePath":null,"tlsTrustStorePassword":null,"tlsCiphers":[],"tlsProtocols":[],"memoryLimitBytes":67108864,"proxyServiceUrl":null,"proxyProtocol":null,"enableTransaction":false,"dnsLookupBindAddress":null,"dnsLookupBindPort":0,"socks5ProxyAddress":null,"socks5ProxyUsername":null,"socks5ProxyPassword":null,"description":null}
2025-01-26 01:09:47 [pulsar-client-io-1-3] INFO  o.a.pulsar.client.impl.ConsumerImpl - [persistent://public/default/jt-plain-topic][my-subscription] Subscribing to topic on cnx [id: 0x7aeecb95, L:/127.0.0.1:60168 - R:localhost/127.0.0.1:6650], consumerId 1
2025-01-26 01:09:47 [pulsar-client-io-1-3] INFO  o.a.pulsar.client.impl.ConsumerImpl - [persistent://public/default/jt-plain-topic][my-subscription] Subscribed to topic on localhost/127.0.0.1:6650 -- consumer: 1
2025-01-26 01:09:47 [Test worker] INFO  c.p.c.CrudPulsarApplicationTests - Started CrudPulsarApplicationTests in 5.526 seconds (process running for 6.274)
2025-01-26 01:09:47 [SpringApplicationShutdownHook] INFO  o.s.p.l.DefaultPulsarMessageListenerContainer - Pausing consumer
2025-01-26 01:09:47 [SpringApplicationShutdownHook] INFO  o.s.p.l.DefaultPulsarMessageListenerContainer - Closing consumer
2025-01-26 01:09:47 [pulsar-client-io-1-3] INFO  o.a.pulsar.client.impl.ConsumerImpl - [persistent://public/default/jt-raw-topic] [my-subscription] Closed consumer
2025-01-26 01:09:47 [SpringApplicationShutdownHook] INFO  o.s.p.l.DefaultPulsarMessageListenerContainer - Pausing consumer
2025-01-26 01:09:47 [SpringApplicationShutdownHook] INFO  o.s.p.l.DefaultPulsarMessageListenerContainer - Closing consumer
2025-01-26 01:09:47 [pulsar-client-io-1-3] INFO  o.a.pulsar.client.impl.ConsumerImpl - [persistent://public/default/jt-plain-topic] [my-subscription] Closed consumer
2025-01-26 01:09:47 [SpringApplicationShutdownHook] INFO  o.a.p.client.impl.PulsarClientImpl - Client closing. URL: pulsar://localhost:6650
2025-01-26 01:09:47 [pulsar-client-io-1-3] INFO  o.a.pulsar.client.impl.ClientCnx - [id: 0x7aeecb95, L:/127.0.0.1:60168 ! R:localhost/127.0.0.1:6650] Disconnected
2025-01-26 01:09:49 [SpringApplicationShutdownHook] INFO  o.s.o.j.LocalContainerEntityManagerFactoryBean - Closing JPA EntityManagerFactory for persistence unit 'default'
2025-01-26 01:09:49 [SpringApplicationShutdownHook] INFO  com.zaxxer.hikari.HikariDataSource - HikariPool-1 - Shutdown initiated...
2025-01-26 01:09:49 [SpringApplicationShutdownHook] INFO  com.zaxxer.hikari.HikariDataSource - HikariPool-1 - Shutdown completed.
2025-01-26 01:10:17 [restartedMain] INFO  c.p.c.CrudPulsarApplicationKt - Starting CrudPulsarApplicationKt using Java 17.0.12 with PID 2955 (/Users/uttam.gowda/IdeaProjects/crud-pulsar/build/classes/kotlin/main started by uttam.gowda in /Users/uttam.gowda/IdeaProjects/crud-pulsar)
2025-01-26 01:10:17 [restartedMain] INFO  c.p.c.CrudPulsarApplicationKt - No active profile set, falling back to 1 default profile: "default"
2025-01-26 01:10:17 [restartedMain] INFO  o.s.b.d.restart.ChangeableUrls - The Class-Path manifest attribute in /Users/uttam.gowda/.gradle/caches/modules-2/files-2.1/org.springframework.pulsar/spring-pulsar-cache-provider-caffeine/1.2.1/c2b0ff3dd061069d916cb1df19e539eda19562e0/spring-pulsar-cache-provider-caffeine-1.2.1.jar referenced one or more files that do not exist: file:/Users/uttam.gowda/.gradle/caches/modules-2/files-2.1/org.springframework.pulsar/spring-pulsar-cache-provider-caffeine/1.2.1/c2b0ff3dd061069d916cb1df19e539eda19562e0/spring-pulsar-cache-provider-1.2.1.jar
2025-01-26 01:10:17 [restartedMain] INFO  o.s.b.d.e.DevToolsPropertyDefaultsPostProcessor - Devtools property defaults active! Set 'spring.devtools.add-properties' to 'false' to disable
2025-01-26 01:10:17 [restartedMain] INFO  o.s.b.d.e.DevToolsPropertyDefaultsPostProcessor - For additional web related logging consider setting the 'logging.level.web' property to 'DEBUG'
2025-01-26 01:10:17 [restartedMain] INFO  o.s.d.r.c.RepositoryConfigurationDelegate - Bootstrapping Spring Data JPA repositories in DEFAULT mode.
2025-01-26 01:10:17 [restartedMain] INFO  o.s.d.r.c.RepositoryConfigurationDelegate - Finished Spring Data repository scanning in 35 ms. Found 1 JPA repository interface.
2025-01-26 01:10:18 [restartedMain] INFO  o.s.b.w.e.tomcat.TomcatWebServer - Tomcat initialized with port 9191 (http)
2025-01-26 01:10:18 [restartedMain] INFO  o.a.catalina.core.StandardService - Starting service [Tomcat]
2025-01-26 01:10:18 [restartedMain] INFO  o.a.catalina.core.StandardEngine - Starting Servlet engine: [Apache Tomcat/10.1.34]
2025-01-26 01:10:18 [restartedMain] INFO  o.a.c.c.C.[Tomcat].[localhost].[/] - Initializing Spring embedded WebApplicationContext
2025-01-26 01:10:18 [restartedMain] INFO  o.s.b.w.s.c.ServletWebServerApplicationContext - Root WebApplicationContext: initialization completed in 1120 ms
2025-01-26 01:10:18 [restartedMain] INFO  o.h.jpa.internal.util.LogHelper - HHH000204: Processing PersistenceUnitInfo [name: default]
2025-01-26 01:10:18 [restartedMain] INFO  org.hibernate.Version - HHH000412: Hibernate ORM core version 6.6.4.Final
2025-01-26 01:10:18 [restartedMain] INFO  o.h.c.i.RegionFactoryInitiator - HHH000026: Second-level cache disabled
2025-01-26 01:10:18 [restartedMain] INFO  o.s.o.j.p.SpringPersistenceUnitInfo - No LoadTimeWeaver setup: ignoring JPA class transformer
2025-01-26 01:10:18 [restartedMain] INFO  com.zaxxer.hikari.HikariDataSource - HikariPool-1 - Starting...
2025-01-26 01:10:18 [restartedMain] INFO  com.zaxxer.hikari.pool.HikariPool - HikariPool-1 - Added connection org.postgresql.jdbc.PgConnection@68f3d243
2025-01-26 01:10:18 [restartedMain] INFO  com.zaxxer.hikari.HikariDataSource - HikariPool-1 - Start completed.
2025-01-26 01:10:18 [restartedMain] WARN  org.hibernate.orm.deprecation - HHH90000025: PostgreSQLDialect does not need to be specified explicitly using 'hibernate.dialect' (remove the property setting and it will be selected by default)
2025-01-26 01:10:18 [restartedMain] INFO  o.hibernate.orm.connections.pooling - HHH10001005: Database info:
	Database JDBC URL [Connecting through datasource 'HikariDataSource (HikariPool-1)']
	Database driver: undefined/unknown
	Database version: 17.2
	Autocommit mode: undefined/unknown
	Isolation level: undefined/unknown
	Minimum pool size: undefined/unknown
	Maximum pool size: undefined/unknown
2025-01-26 01:10:19 [restartedMain] INFO  o.h.e.t.j.p.i.JtaPlatformInitiator - HHH000489: No JTA platform available (set 'hibernate.transaction.jta.platform' to enable JTA platform integration)
2025-01-26 01:10:19 [restartedMain] INFO  o.s.o.j.LocalContainerEntityManagerFactoryBean - Initialized JPA EntityManagerFactory for persistence unit 'default'
2025-01-26 01:10:19 [restartedMain] INFO  o.s.p.c.DefaultPulsarClientFactory - Using restartable client
2025-01-26 01:10:19 [restartedMain] ERROR o.a.p.s.i.n.r.d.DnsServerAddressStreamProviders - Unable to load org.apache.pulsar.shade.io.netty.resolver.dns.macos.MacOSDnsServerAddressStreamProvider, fallback to system defaults. This may result in incorrect DNS resolutions on MacOS. Check whether you have a dependency on 'io.netty:netty-resolver-dns-native-macos'. Use DEBUG level to see the full stack: java.lang.UnsatisfiedLinkError: failed to load the required native library
2025-01-26 01:10:19 [restartedMain] WARN  o.a.p.c.util.netty.DnsResolverUtil - Cannot get DNS TTL settings from sun.net.InetAddressCachePolicy class
java.lang.IllegalAccessException: class org.apache.pulsar.common.util.netty.DnsResolverUtil cannot access class sun.net.InetAddressCachePolicy (in module java.base) because module java.base does not export sun.net to unnamed module @31fce25f
	at java.base/jdk.internal.reflect.Reflection.newIllegalAccessException(Reflection.java:392)
	at java.base/java.lang.reflect.AccessibleObject.checkAccess(AccessibleObject.java:674)
	at java.base/java.lang.reflect.Method.invoke(Method.java:560)
	at org.apache.pulsar.common.util.netty.DnsResolverUtil.<clinit>(DnsResolverUtil.java:46)
	at org.apache.pulsar.client.impl.ConnectionPool.createAddressResolver(ConnectionPool.java:159)
	at org.apache.pulsar.client.impl.ConnectionPool.lambda$new$1(ConnectionPool.java:126)
	at java.base/java.util.Optional.orElseGet(Optional.java:364)
	at org.apache.pulsar.client.impl.ConnectionPool.<init>(ConnectionPool.java:126)
	at org.apache.pulsar.client.impl.ConnectionPool.<init>(ConnectionPool.java:95)
	at org.apache.pulsar.client.impl.ConnectionPool.<init>(ConnectionPool.java:90)
	at org.apache.pulsar.client.impl.PulsarClientImpl.<init>(PulsarClientImpl.java:196)
	at org.apache.pulsar.client.impl.PulsarClientImpl.<init>(PulsarClientImpl.java:153)
	at org.apache.pulsar.client.impl.ClientBuilderImpl.build(ClientBuilderImpl.java:63)
	at org.springframework.pulsar.core.PulsarClientProxy.createInstance(PulsarClientProxy.java:97)
	at org.springframework.pulsar.core.PulsarClientProxy.createInstance(PulsarClientProxy.java:47)
	at org.springframework.pulsar.core.RestartableSingletonFactory.ensureInstanceCreated(RestartableSingletonFactory.java:72)
	at org.springframework.pulsar.core.RestartableSingletonFactory.afterPropertiesSet(RestartableSingletonFactory.java:61)
	at org.springframework.beans.factory.support.AbstractAutowireCapableBeanFactory.invokeInitMethods(AbstractAutowireCapableBeanFactory.java:1855)
	at org.springframework.beans.factory.support.AbstractAutowireCapableBeanFactory.initializeBean(AbstractAutowireCapableBeanFactory.java:1804)
	at org.springframework.beans.factory.support.AbstractAutowireCapableBeanFactory.doCreateBean(AbstractAutowireCapableBeanFactory.java:601)
	at org.springframework.beans.factory.support.AbstractAutowireCapableBeanFactory.createBean(AbstractAutowireCapableBeanFactory.java:523)
	at org.springframework.beans.factory.support.AbstractBeanFactory.lambda$doGetBean$0(AbstractBeanFactory.java:336)
	at org.springframework.beans.factory.support.DefaultSingletonBeanRegistry.getSingleton(DefaultSingletonBeanRegistry.java:289)
	at org.springframework.beans.factory.support.AbstractBeanFactory.doGetBean(AbstractBeanFactory.java:334)
	at org.springframework.beans.factory.support.AbstractBeanFactory.getBean(AbstractBeanFactory.java:199)
	at org.springframework.beans.factory.support.DefaultListableBeanFactory.doResolveDependency(DefaultListableBeanFactory.java:1573)
	at org.springframework.beans.factory.support.DefaultListableBeanFactory.resolveDependency(DefaultListableBeanFactory.java:1519)
	at org.springframework.beans.factory.support.ConstructorResolver.resolveAutowiredArgument(ConstructorResolver.java:913)
	at org.springframework.beans.factory.support.ConstructorResolver.createArgumentArray(ConstructorResolver.java:791)
	at org.springframework.beans.factory.support.ConstructorResolver.instantiateUsingFactoryMethod(ConstructorResolver.java:546)
	at org.springframework.beans.factory.support.AbstractAutowireCapableBeanFactory.instantiateUsingFactoryMethod(AbstractAutowireCapableBeanFactory.java:1357)
	at org.springframework.beans.factory.support.AbstractAutowireCapableBeanFactory.createBeanInstance(AbstractAutowireCapableBeanFactory.java:1187)
	at org.springframework.beans.factory.support.AbstractAutowireCapableBeanFactory.doCreateBean(AbstractAutowireCapableBeanFactory.java:563)
	at org.springframework.beans.factory.support.AbstractAutowireCapableBeanFactory.createBean(AbstractAutowireCapableBeanFactory.java:523)
	at org.springframework.beans.factory.support.AbstractBeanFactory.lambda$doGetBean$0(AbstractBeanFactory.java:336)
	at org.springframework.beans.factory.support.DefaultSingletonBeanRegistry.getSingleton(DefaultSingletonBeanRegistry.java:289)
	at org.springframework.beans.factory.support.AbstractBeanFactory.doGetBean(AbstractBeanFactory.java:334)
	at org.springframework.beans.factory.support.AbstractBeanFactory.getBean(AbstractBeanFactory.java:199)
	at org.springframework.beans.factory.config.DependencyDescriptor.resolveCandidate(DependencyDescriptor.java:254)
	at org.springframework.beans.factory.support.DefaultListableBeanFactory.doResolveDependency(DefaultListableBeanFactory.java:1631)
	at org.springframework.beans.factory.support.DefaultListableBeanFactory.resolveDependency(DefaultListableBeanFactory.java:1519)
	at org.springframework.beans.factory.support.ConstructorResolver.resolveAutowiredArgument(ConstructorResolver.java:913)
	at org.springframework.beans.factory.support.ConstructorResolver.createArgumentArray(ConstructorResolver.java:791)
	at org.springframework.beans.factory.support.ConstructorResolver.instantiateUsingFactoryMethod(ConstructorResolver.java:546)
	at org.springframework.beans.factory.support.AbstractAutowireCapableBeanFactory.instantiateUsingFactoryMethod(AbstractAutowireCapableBeanFactory.java:1357)
	at org.springframework.beans.factory.support.AbstractAutowireCapableBeanFactory.createBeanInstance(AbstractAutowireCapableBeanFactory.java:1187)
	at org.springframework.beans.factory.support.AbstractAutowireCapableBeanFactory.doCreateBean(AbstractAutowireCapableBeanFactory.java:563)
	at org.springframework.beans.factory.support.AbstractAutowireCapableBeanFactory.createBean(AbstractAutowireCapableBeanFactory.java:523)
	at org.springframework.beans.factory.support.AbstractBeanFactory.lambda$doGetBean$0(AbstractBeanFactory.java:336)
	at org.springframework.beans.factory.support.DefaultSingletonBeanRegistry.getSingleton(DefaultSingletonBeanRegistry.java:289)
	at org.springframework.beans.factory.support.AbstractBeanFactory.doGetBean(AbstractBeanFactory.java:334)
	at org.springframework.beans.factory.support.AbstractBeanFactory.getBean(AbstractBeanFactory.java:199)
	at org.springframework.beans.factory.config.DependencyDescriptor.resolveCandidate(DependencyDescriptor.java:254)
	at org.springframework.beans.factory.support.DefaultListableBeanFactory.doResolveDependency(DefaultListableBeanFactory.java:1631)
	at org.springframework.beans.factory.support.DefaultListableBeanFactory.resolveDependency(DefaultListableBeanFactory.java:1519)
	at org.springframework.beans.factory.support.ConstructorResolver.resolveAutowiredArgument(ConstructorResolver.java:913)
	at org.springframework.beans.factory.support.ConstructorResolver.createArgumentArray(ConstructorResolver.java:791)
	at org.springframework.beans.factory.support.ConstructorResolver.autowireConstructor(ConstructorResolver.java:240)
	at org.springframework.beans.factory.support.AbstractAutowireCapableBeanFactory.autowireConstructor(AbstractAutowireCapableBeanFactory.java:1377)
	at org.springframework.beans.factory.support.AbstractAutowireCapableBeanFactory.createBeanInstance(AbstractAutowireCapableBeanFactory.java:1214)
	at org.springframework.beans.factory.support.AbstractAutowireCapableBeanFactory.doCreateBean(AbstractAutowireCapableBeanFactory.java:563)
	at org.springframework.beans.factory.support.AbstractAutowireCapableBeanFactory.createBean(AbstractAutowireCapableBeanFactory.java:523)
	at org.springframework.beans.factory.support.AbstractBeanFactory.lambda$doGetBean$0(AbstractBeanFactory.java:336)
	at org.springframework.beans.factory.support.DefaultSingletonBeanRegistry.getSingleton(DefaultSingletonBeanRegistry.java:289)
	at org.springframework.beans.factory.support.AbstractBeanFactory.doGetBean(AbstractBeanFactory.java:334)
	at org.springframework.beans.factory.support.AbstractBeanFactory.getBean(AbstractBeanFactory.java:199)
	at org.springframework.beans.factory.support.DefaultListableBeanFactory.instantiateSingleton(DefaultListableBeanFactory.java:1122)
	at org.springframework.beans.factory.support.DefaultListableBeanFactory.preInstantiateSingleton(DefaultListableBeanFactory.java:1093)
	at org.springframework.beans.factory.support.DefaultListableBeanFactory.preInstantiateSingletons(DefaultListableBeanFactory.java:1030)
	at org.springframework.context.support.AbstractApplicationContext.finishBeanFactoryInitialization(AbstractApplicationContext.java:987)
	at org.springframework.context.support.AbstractApplicationContext.refresh(AbstractApplicationContext.java:627)
	at org.springframework.boot.web.servlet.context.ServletWebServerApplicationContext.refresh(ServletWebServerApplicationContext.java:146)
	at org.springframework.boot.SpringApplication.refresh(SpringApplication.java:752)
	at org.springframework.boot.SpringApplication.refreshContext(SpringApplication.java:439)
	at org.springframework.boot.SpringApplication.run(SpringApplication.java:318)
	at org.springframework.boot.SpringApplication.run(SpringApplication.java:1361)
	at org.springframework.boot.SpringApplication.run(SpringApplication.java:1350)
	at com.personal.crud_pulsar.CrudPulsarApplicationKt.main(CrudPulsarApplication.kt:15)
	at java.base/jdk.internal.reflect.NativeMethodAccessorImpl.invoke0(Native Method)
	at java.base/jdk.internal.reflect.NativeMethodAccessorImpl.invoke(NativeMethodAccessorImpl.java:77)
	at java.base/jdk.internal.reflect.DelegatingMethodAccessorImpl.invoke(DelegatingMethodAccessorImpl.java:43)
	at java.base/java.lang.reflect.Method.invoke(Method.java:568)
	at org.springframework.boot.devtools.restart.RestartLauncher.run(RestartLauncher.java:50)
2025-01-26 01:10:20 [restartedMain] WARN  o.s.b.a.o.j.JpaBaseConfiguration$JpaWebConfiguration - spring.jpa.open-in-view is enabled by default. Therefore, database queries may be performed during view rendering. Explicitly configure spring.jpa.open-in-view to disable this warning
2025-01-26 01:10:20 [restartedMain] INFO  o.s.b.d.a.OptionalLiveReloadServer - LiveReload server is running on port 35729
2025-01-26 01:10:20 [pulsar-client-io-1-3] INFO  o.a.p.client.impl.ConnectionPool - [[id: 0x03dfbaad, L:/127.0.0.1:60414 - R:localhost/127.0.0.1:6650]] Connected to server
2025-01-26 01:10:20 [pulsar-client-io-1-3] INFO  o.a.p.c.i.ConsumerStatsRecorderImpl - Starting Pulsar consumer status recorder with config: {"topicNames":["persistent://public/default/jt-raw-topic"],"topicsPattern":null,"subscriptionName":"my-subscription","subscriptionType":"Shared","subscriptionProperties":null,"subscriptionMode":"Durable","receiverQueueSize":1000,"acknowledgementsGroupTimeMicros":100000,"maxAcknowledgmentGroupSize":1000,"negativeAckRedeliveryDelayMicros":60000000,"maxTotalReceiverQueueSizeAcrossPartitions":50000,"consumerName":null,"ackTimeoutMillis":0,"tickDurationMillis":1000,"priorityLevel":0,"maxPendingChunkedMessage":10,"autoAckOldestChunkedMessageOnQueueFull":false,"expireTimeOfIncompleteChunkedMessageMillis":60000,"cryptoFailureAction":"FAIL","properties":{},"readCompacted":false,"subscriptionInitialPosition":"Latest","patternAutoDiscoveryPeriod":60,"regexSubscriptionMode":"PersistentOnly","deadLetterPolicy":null,"retryEnable":false,"autoUpdatePartitions":true,"autoUpdatePartitionsIntervalSeconds":60,"replicateSubscriptionState":false,"resetIncludeHead":false,"batchIndexAckEnabled":false,"ackReceiptEnabled":false,"poolMessages":false,"startPaused":false,"autoScaledReceiverQueueSizeEnabled":false,"topicConfigurations":[],"maxPendingChuckedMessage":10}
2025-01-26 01:10:20 [pulsar-client-io-1-3] INFO  o.a.p.c.i.ConsumerStatsRecorderImpl - Pulsar client config: {"serviceUrl":"pulsar://localhost:6650","authPluginClassName":null,"authParams":null,"authParamMap":null,"operationTimeoutMs":30000,"lookupTimeoutMs":30000,"statsIntervalSeconds":60,"numIoThreads":8,"numListenerThreads":8,"connectionsPerBroker":1,"connectionMaxIdleSeconds":180,"useTcpNoDelay":true,"useTls":false,"tlsKeyFilePath":null,"tlsCertificateFilePath":null,"tlsTrustCertsFilePath":null,"tlsAllowInsecureConnection":false,"tlsHostnameVerificationEnable":false,"concurrentLookupRequest":5000,"maxLookupRequest":50000,"maxLookupRedirects":20,"maxNumberOfRejectedRequestPerConnection":50,"keepAliveIntervalSeconds":30,"connectionTimeoutMs":10000,"requestTimeoutMs":60000,"readTimeoutMs":60000,"autoCertRefreshSeconds":300,"initialBackoffIntervalNanos":100000000,"maxBackoffIntervalNanos":60000000000,"enableBusyWait":false,"listenerName":null,"useKeyStoreTls":false,"sslProvider":null,"tlsKeyStoreType":"JKS","tlsKeyStorePath":null,"tlsKeyStorePassword":null,"tlsTrustStoreType":"JKS","tlsTrustStorePath":null,"tlsTrustStorePassword":null,"tlsCiphers":[],"tlsProtocols":[],"memoryLimitBytes":67108864,"proxyServiceUrl":null,"proxyProtocol":null,"enableTransaction":false,"dnsLookupBindAddress":null,"dnsLookupBindPort":0,"socks5ProxyAddress":null,"socks5ProxyUsername":null,"socks5ProxyPassword":null,"description":null}
2025-01-26 01:10:20 [pulsar-client-io-1-3] INFO  o.a.pulsar.client.impl.ConsumerImpl - [persistent://public/default/jt-raw-topic][my-subscription] Subscribing to topic on cnx [id: 0x03dfbaad, L:/127.0.0.1:60414 - R:localhost/127.0.0.1:6650], consumerId 0
2025-01-26 01:10:20 [pulsar-client-io-1-3] INFO  o.a.pulsar.client.impl.ConsumerImpl - [persistent://public/default/jt-raw-topic][my-subscription] Subscribed to topic on localhost/127.0.0.1:6650 -- consumer: 0
2025-01-26 01:10:20 [pulsar-client-io-1-3] INFO  o.a.p.c.i.ConsumerStatsRecorderImpl - Starting Pulsar consumer status recorder with config: {"topicNames":["persistent://public/default/jt-plain-topic"],"topicsPattern":null,"subscriptionName":"my-subscription","subscriptionType":"Shared","subscriptionProperties":null,"subscriptionMode":"Durable","receiverQueueSize":1000,"acknowledgementsGroupTimeMicros":100000,"maxAcknowledgmentGroupSize":1000,"negativeAckRedeliveryDelayMicros":60000000,"maxTotalReceiverQueueSizeAcrossPartitions":50000,"consumerName":null,"ackTimeoutMillis":0,"tickDurationMillis":1000,"priorityLevel":0,"maxPendingChunkedMessage":10,"autoAckOldestChunkedMessageOnQueueFull":false,"expireTimeOfIncompleteChunkedMessageMillis":60000,"cryptoFailureAction":"FAIL","properties":{},"readCompacted":false,"subscriptionInitialPosition":"Latest","patternAutoDiscoveryPeriod":60,"regexSubscriptionMode":"PersistentOnly","deadLetterPolicy":null,"retryEnable":false,"autoUpdatePartitions":true,"autoUpdatePartitionsIntervalSeconds":60,"replicateSubscriptionState":false,"resetIncludeHead":false,"batchIndexAckEnabled":false,"ackReceiptEnabled":false,"poolMessages":false,"startPaused":false,"autoScaledReceiverQueueSizeEnabled":false,"topicConfigurations":[],"maxPendingChuckedMessage":10}
2025-01-26 01:10:20 [pulsar-client-io-1-3] INFO  o.a.p.c.i.ConsumerStatsRecorderImpl - Pulsar client config: {"serviceUrl":"pulsar://localhost:6650","authPluginClassName":null,"authParams":null,"authParamMap":null,"operationTimeoutMs":30000,"lookupTimeoutMs":30000,"statsIntervalSeconds":60,"numIoThreads":8,"numListenerThreads":8,"connectionsPerBroker":1,"connectionMaxIdleSeconds":180,"useTcpNoDelay":true,"useTls":false,"tlsKeyFilePath":null,"tlsCertificateFilePath":null,"tlsTrustCertsFilePath":null,"tlsAllowInsecureConnection":false,"tlsHostnameVerificationEnable":false,"concurrentLookupRequest":5000,"maxLookupRequest":50000,"maxLookupRedirects":20,"maxNumberOfRejectedRequestPerConnection":50,"keepAliveIntervalSeconds":30,"connectionTimeoutMs":10000,"requestTimeoutMs":60000,"readTimeoutMs":60000,"autoCertRefreshSeconds":300,"initialBackoffIntervalNanos":100000000,"maxBackoffIntervalNanos":60000000000,"enableBusyWait":false,"listenerName":null,"useKeyStoreTls":false,"sslProvider":null,"tlsKeyStoreType":"JKS","tlsKeyStorePath":null,"tlsKeyStorePassword":null,"tlsTrustStoreType":"JKS","tlsTrustStorePath":null,"tlsTrustStorePassword":null,"tlsCiphers":[],"tlsProtocols":[],"memoryLimitBytes":67108864,"proxyServiceUrl":null,"proxyProtocol":null,"enableTransaction":false,"dnsLookupBindAddress":null,"dnsLookupBindPort":0,"socks5ProxyAddress":null,"socks5ProxyUsername":null,"socks5ProxyPassword":null,"description":null}
2025-01-26 01:10:20 [pulsar-client-io-1-3] INFO  o.a.pulsar.client.impl.ConsumerImpl - [persistent://public/default/jt-plain-topic][my-subscription] Subscribing to topic on cnx [id: 0x03dfbaad, L:/127.0.0.1:60414 - R:localhost/127.0.0.1:6650], consumerId 1
2025-01-26 01:10:21 [pulsar-client-io-1-3] INFO  o.a.pulsar.client.impl.ConsumerImpl - [persistent://public/default/jt-plain-topic][my-subscription] Subscribed to topic on localhost/127.0.0.1:6650 -- consumer: 1
2025-01-26 01:10:21 [restartedMain] INFO  o.s.b.w.e.tomcat.TomcatWebServer - Tomcat started on port 9191 (http) with context path '/'
2025-01-26 01:10:21 [restartedMain] INFO  c.p.c.CrudPulsarApplicationKt - Started CrudPulsarApplicationKt in 4.365 seconds (process running for 4.756)
2025-01-26 01:12:51 [http-nio-9191-exec-2] INFO  o.a.c.c.C.[Tomcat].[localhost].[/] - Initializing Spring DispatcherServlet 'dispatcherServlet'
2025-01-26 01:12:51 [http-nio-9191-exec-2] INFO  o.s.web.servlet.DispatcherServlet - Initializing Servlet 'dispatcherServlet'
2025-01-26 01:12:51 [http-nio-9191-exec-2] INFO  o.s.web.servlet.DispatcherServlet - Completed initialization in 18 ms
2025-01-26 01:12:51 [http-nio-9191-exec-2] INFO  c.p.crud_pulsar.UserController - Fetching all users
2025-01-26 01:45:47 [SpringApplicationShutdownHook] INFO  o.s.b.w.e.tomcat.GracefulShutdown - Commencing graceful shutdown. Waiting for active requests to complete
2025-01-26 01:45:47 [tomcat-shutdown] INFO  o.s.b.w.e.tomcat.GracefulShutdown - Graceful shutdown complete
2025-01-26 01:45:47 [SpringApplicationShutdownHook] INFO  o.s.p.l.DefaultPulsarMessageListenerContainer - Pausing consumer
2025-01-26 01:45:47 [SpringApplicationShutdownHook] INFO  o.s.p.l.DefaultPulsarMessageListenerContainer - Closing consumer
2025-01-26 01:45:47 [pulsar-client-io-1-3] INFO  o.a.pulsar.client.impl.ConsumerImpl - [persistent://public/default/jt-raw-topic] [my-subscription] Closed consumer
2025-01-26 01:45:47 [SpringApplicationShutdownHook] INFO  o.s.p.l.DefaultPulsarMessageListenerContainer - Pausing consumer
2025-01-26 01:45:47 [SpringApplicationShutdownHook] INFO  o.s.p.l.DefaultPulsarMessageListenerContainer - Closing consumer
2025-01-26 01:45:47 [pulsar-client-io-1-3] INFO  o.a.pulsar.client.impl.ConsumerImpl - [persistent://public/default/jt-plain-topic] [my-subscription] Closed consumer
2025-01-26 01:45:47 [SpringApplicationShutdownHook] INFO  o.a.p.client.impl.PulsarClientImpl - Client closing. URL: pulsar://localhost:6650
2025-01-26 01:45:47 [pulsar-client-io-1-3] INFO  o.a.pulsar.client.impl.ClientCnx - [id: 0x03dfbaad, L:/127.0.0.1:60414 ! R:localhost/127.0.0.1:6650] Disconnected
2025-01-26 01:45:49 [SpringApplicationShutdownHook] INFO  o.s.o.j.LocalContainerEntityManagerFactoryBean - Closing JPA EntityManagerFactory for persistence unit 'default'
2025-01-26 01:45:49 [SpringApplicationShutdownHook] INFO  com.zaxxer.hikari.HikariDataSource - HikariPool-1 - Shutdown initiated...
2025-01-26 01:45:49 [SpringApplicationShutdownHook] INFO  com.zaxxer.hikari.HikariDataSource - HikariPool-1 - Shutdown completed.
2025-01-26 01:45:56 [restartedMain] INFO  c.p.c.CrudPulsarApplicationKt - Starting CrudPulsarApplicationKt using Java 17.0.12 with PID 9506 (/Users/uttam.gowda/IdeaProjects/crud-pulsar/build/classes/kotlin/main started by uttam.gowda in /Users/uttam.gowda/IdeaProjects/crud-pulsar)
2025-01-26 01:45:56 [restartedMain] INFO  c.p.c.CrudPulsarApplicationKt - No active profile set, falling back to 1 default profile: "default"
2025-01-26 01:45:56 [restartedMain] INFO  o.s.b.d.restart.ChangeableUrls - The Class-Path manifest attribute in /Users/uttam.gowda/.gradle/caches/modules-2/files-2.1/org.springframework.pulsar/spring-pulsar-cache-provider-caffeine/1.2.1/c2b0ff3dd061069d916cb1df19e539eda19562e0/spring-pulsar-cache-provider-caffeine-1.2.1.jar referenced one or more files that do not exist: file:/Users/uttam.gowda/.gradle/caches/modules-2/files-2.1/org.springframework.pulsar/spring-pulsar-cache-provider-caffeine/1.2.1/c2b0ff3dd061069d916cb1df19e539eda19562e0/spring-pulsar-cache-provider-1.2.1.jar
2025-01-26 01:45:56 [restartedMain] INFO  o.s.b.d.e.DevToolsPropertyDefaultsPostProcessor - Devtools property defaults active! Set 'spring.devtools.add-properties' to 'false' to disable
2025-01-26 01:45:56 [restartedMain] INFO  o.s.b.d.e.DevToolsPropertyDefaultsPostProcessor - For additional web related logging consider setting the 'logging.level.web' property to 'DEBUG'
2025-01-26 01:45:57 [restartedMain] INFO  o.s.d.r.c.RepositoryConfigurationDelegate - Bootstrapping Spring Data JPA repositories in DEFAULT mode.
2025-01-26 01:45:57 [restartedMain] INFO  o.s.d.r.c.RepositoryConfigurationDelegate - Finished Spring Data repository scanning in 38 ms. Found 1 JPA repository interface.
2025-01-26 01:45:58 [restartedMain] INFO  o.s.b.w.e.tomcat.TomcatWebServer - Tomcat initialized with port 9191 (http)
2025-01-26 01:45:58 [restartedMain] INFO  o.a.catalina.core.StandardService - Starting service [Tomcat]
2025-01-26 01:45:58 [restartedMain] INFO  o.a.catalina.core.StandardEngine - Starting Servlet engine: [Apache Tomcat/10.1.34]
2025-01-26 01:45:58 [restartedMain] INFO  o.a.c.c.C.[Tomcat].[localhost].[/] - Initializing Spring embedded WebApplicationContext
2025-01-26 01:45:58 [restartedMain] INFO  o.s.b.w.s.c.ServletWebServerApplicationContext - Root WebApplicationContext: initialization completed in 1821 ms
2025-01-26 01:45:58 [restartedMain] INFO  o.h.jpa.internal.util.LogHelper - HHH000204: Processing PersistenceUnitInfo [name: default]
2025-01-26 01:45:58 [restartedMain] INFO  org.hibernate.Version - HHH000412: Hibernate ORM core version 6.6.4.Final
2025-01-26 01:45:58 [restartedMain] INFO  o.h.c.i.RegionFactoryInitiator - HHH000026: Second-level cache disabled
2025-01-26 01:45:58 [restartedMain] INFO  o.s.o.j.p.SpringPersistenceUnitInfo - No LoadTimeWeaver setup: ignoring JPA class transformer
2025-01-26 01:45:58 [restartedMain] INFO  com.zaxxer.hikari.HikariDataSource - HikariPool-1 - Starting...
2025-01-26 01:45:58 [restartedMain] INFO  com.zaxxer.hikari.pool.HikariPool - HikariPool-1 - Added connection org.postgresql.jdbc.PgConnection@72821500
2025-01-26 01:45:58 [restartedMain] INFO  com.zaxxer.hikari.HikariDataSource - HikariPool-1 - Start completed.
2025-01-26 01:45:58 [restartedMain] WARN  org.hibernate.orm.deprecation - HHH90000025: PostgreSQLDialect does not need to be specified explicitly using 'hibernate.dialect' (remove the property setting and it will be selected by default)
2025-01-26 01:45:58 [restartedMain] INFO  o.hibernate.orm.connections.pooling - HHH10001005: Database info:
	Database JDBC URL [Connecting through datasource 'HikariDataSource (HikariPool-1)']
	Database driver: undefined/unknown
	Database version: 17.2
	Autocommit mode: undefined/unknown
	Isolation level: undefined/unknown
	Minimum pool size: undefined/unknown
	Maximum pool size: undefined/unknown
2025-01-26 01:45:59 [restartedMain] INFO  o.h.e.t.j.p.i.JtaPlatformInitiator - HHH000489: No JTA platform available (set 'hibernate.transaction.jta.platform' to enable JTA platform integration)
2025-01-26 01:45:59 [restartedMain] INFO  o.s.o.j.LocalContainerEntityManagerFactoryBean - Initialized JPA EntityManagerFactory for persistence unit 'default'
2025-01-26 01:45:59 [restartedMain] INFO  o.s.p.c.DefaultPulsarClientFactory - Using restartable client
2025-01-26 01:45:59 [restartedMain] ERROR o.a.p.s.i.n.r.d.DnsServerAddressStreamProviders - Unable to load org.apache.pulsar.shade.io.netty.resolver.dns.macos.MacOSDnsServerAddressStreamProvider, fallback to system defaults. This may result in incorrect DNS resolutions on MacOS. Check whether you have a dependency on 'io.netty:netty-resolver-dns-native-macos'. Use DEBUG level to see the full stack: java.lang.UnsatisfiedLinkError: failed to load the required native library
2025-01-26 01:45:59 [restartedMain] WARN  o.a.p.c.util.netty.DnsResolverUtil - Cannot get DNS TTL settings from sun.net.InetAddressCachePolicy class
java.lang.IllegalAccessException: class org.apache.pulsar.common.util.netty.DnsResolverUtil cannot access class sun.net.InetAddressCachePolicy (in module java.base) because module java.base does not export sun.net to unnamed module @22c9e694
	at java.base/jdk.internal.reflect.Reflection.newIllegalAccessException(Reflection.java:392)
	at java.base/java.lang.reflect.AccessibleObject.checkAccess(AccessibleObject.java:674)
	at java.base/java.lang.reflect.Method.invoke(Method.java:560)
	at org.apache.pulsar.common.util.netty.DnsResolverUtil.<clinit>(DnsResolverUtil.java:46)
	at org.apache.pulsar.client.impl.ConnectionPool.createAddressResolver(ConnectionPool.java:159)
	at org.apache.pulsar.client.impl.ConnectionPool.lambda$new$1(ConnectionPool.java:126)
	at java.base/java.util.Optional.orElseGet(Optional.java:364)
	at org.apache.pulsar.client.impl.ConnectionPool.<init>(ConnectionPool.java:126)
	at org.apache.pulsar.client.impl.ConnectionPool.<init>(ConnectionPool.java:95)
	at org.apache.pulsar.client.impl.ConnectionPool.<init>(ConnectionPool.java:90)
	at org.apache.pulsar.client.impl.PulsarClientImpl.<init>(PulsarClientImpl.java:196)
	at org.apache.pulsar.client.impl.PulsarClientImpl.<init>(PulsarClientImpl.java:153)
	at org.apache.pulsar.client.impl.ClientBuilderImpl.build(ClientBuilderImpl.java:63)
	at org.springframework.pulsar.core.PulsarClientProxy.createInstance(PulsarClientProxy.java:97)
	at org.springframework.pulsar.core.PulsarClientProxy.createInstance(PulsarClientProxy.java:47)
	at org.springframework.pulsar.core.RestartableSingletonFactory.ensureInstanceCreated(RestartableSingletonFactory.java:72)
	at org.springframework.pulsar.core.RestartableSingletonFactory.afterPropertiesSet(RestartableSingletonFactory.java:61)
	at org.springframework.beans.factory.support.AbstractAutowireCapableBeanFactory.invokeInitMethods(AbstractAutowireCapableBeanFactory.java:1855)
	at org.springframework.beans.factory.support.AbstractAutowireCapableBeanFactory.initializeBean(AbstractAutowireCapableBeanFactory.java:1804)
	at org.springframework.beans.factory.support.AbstractAutowireCapableBeanFactory.doCreateBean(AbstractAutowireCapableBeanFactory.java:601)
	at org.springframework.beans.factory.support.AbstractAutowireCapableBeanFactory.createBean(AbstractAutowireCapableBeanFactory.java:523)
	at org.springframework.beans.factory.support.AbstractBeanFactory.lambda$doGetBean$0(AbstractBeanFactory.java:336)
	at org.springframework.beans.factory.support.DefaultSingletonBeanRegistry.getSingleton(DefaultSingletonBeanRegistry.java:289)
	at org.springframework.beans.factory.support.AbstractBeanFactory.doGetBean(AbstractBeanFactory.java:334)
	at org.springframework.beans.factory.support.AbstractBeanFactory.getBean(AbstractBeanFactory.java:199)
	at org.springframework.beans.factory.support.DefaultListableBeanFactory.doResolveDependency(DefaultListableBeanFactory.java:1573)
	at org.springframework.beans.factory.support.DefaultListableBeanFactory.resolveDependency(DefaultListableBeanFactory.java:1519)
	at org.springframework.beans.factory.support.ConstructorResolver.resolveAutowiredArgument(ConstructorResolver.java:913)
	at org.springframework.beans.factory.support.ConstructorResolver.createArgumentArray(ConstructorResolver.java:791)
	at org.springframework.beans.factory.support.ConstructorResolver.instantiateUsingFactoryMethod(ConstructorResolver.java:546)
	at org.springframework.beans.factory.support.AbstractAutowireCapableBeanFactory.instantiateUsingFactoryMethod(AbstractAutowireCapableBeanFactory.java:1357)
	at org.springframework.beans.factory.support.AbstractAutowireCapableBeanFactory.createBeanInstance(AbstractAutowireCapableBeanFactory.java:1187)
	at org.springframework.beans.factory.support.AbstractAutowireCapableBeanFactory.doCreateBean(AbstractAutowireCapableBeanFactory.java:563)
	at org.springframework.beans.factory.support.AbstractAutowireCapableBeanFactory.createBean(AbstractAutowireCapableBeanFactory.java:523)
	at org.springframework.beans.factory.support.AbstractBeanFactory.lambda$doGetBean$0(AbstractBeanFactory.java:336)
	at org.springframework.beans.factory.support.DefaultSingletonBeanRegistry.getSingleton(DefaultSingletonBeanRegistry.java:289)
	at org.springframework.beans.factory.support.AbstractBeanFactory.doGetBean(AbstractBeanFactory.java:334)
	at org.springframework.beans.factory.support.AbstractBeanFactory.getBean(AbstractBeanFactory.java:199)
	at org.springframework.beans.factory.config.DependencyDescriptor.resolveCandidate(DependencyDescriptor.java:254)
	at org.springframework.beans.factory.support.DefaultListableBeanFactory.doResolveDependency(DefaultListableBeanFactory.java:1631)
	at org.springframework.beans.factory.support.DefaultListableBeanFactory.resolveDependency(DefaultListableBeanFactory.java:1519)
	at org.springframework.beans.factory.support.ConstructorResolver.resolveAutowiredArgument(ConstructorResolver.java:913)
	at org.springframework.beans.factory.support.ConstructorResolver.createArgumentArray(ConstructorResolver.java:791)
	at org.springframework.beans.factory.support.ConstructorResolver.instantiateUsingFactoryMethod(ConstructorResolver.java:546)
	at org.springframework.beans.factory.support.AbstractAutowireCapableBeanFactory.instantiateUsingFactoryMethod(AbstractAutowireCapableBeanFactory.java:1357)
	at org.springframework.beans.factory.support.AbstractAutowireCapableBeanFactory.createBeanInstance(AbstractAutowireCapableBeanFactory.java:1187)
	at org.springframework.beans.factory.support.AbstractAutowireCapableBeanFactory.doCreateBean(AbstractAutowireCapableBeanFactory.java:563)
	at org.springframework.beans.factory.support.AbstractAutowireCapableBeanFactory.createBean(AbstractAutowireCapableBeanFactory.java:523)
	at org.springframework.beans.factory.support.AbstractBeanFactory.lambda$doGetBean$0(AbstractBeanFactory.java:336)
	at org.springframework.beans.factory.support.DefaultSingletonBeanRegistry.getSingleton(DefaultSingletonBeanRegistry.java:289)
	at org.springframework.beans.factory.support.AbstractBeanFactory.doGetBean(AbstractBeanFactory.java:334)
	at org.springframework.beans.factory.support.AbstractBeanFactory.getBean(AbstractBeanFactory.java:199)
	at org.springframework.beans.factory.config.DependencyDescriptor.resolveCandidate(DependencyDescriptor.java:254)
	at org.springframework.beans.factory.support.DefaultListableBeanFactory.doResolveDependency(DefaultListableBeanFactory.java:1631)
	at org.springframework.beans.factory.support.DefaultListableBeanFactory.resolveDependency(DefaultListableBeanFactory.java:1519)
	at org.springframework.beans.factory.support.ConstructorResolver.resolveAutowiredArgument(ConstructorResolver.java:913)
	at org.springframework.beans.factory.support.ConstructorResolver.createArgumentArray(ConstructorResolver.java:791)
	at org.springframework.beans.factory.support.ConstructorResolver.autowireConstructor(ConstructorResolver.java:240)
	at org.springframework.beans.factory.support.AbstractAutowireCapableBeanFactory.autowireConstructor(AbstractAutowireCapableBeanFactory.java:1377)
	at org.springframework.beans.factory.support.AbstractAutowireCapableBeanFactory.createBeanInstance(AbstractAutowireCapableBeanFactory.java:1214)
	at org.springframework.beans.factory.support.AbstractAutowireCapableBeanFactory.doCreateBean(AbstractAutowireCapableBeanFactory.java:563)
	at org.springframework.beans.factory.support.AbstractAutowireCapableBeanFactory.createBean(AbstractAutowireCapableBeanFactory.java:523)
	at org.springframework.beans.factory.support.AbstractBeanFactory.lambda$doGetBean$0(AbstractBeanFactory.java:336)
	at org.springframework.beans.factory.support.DefaultSingletonBeanRegistry.getSingleton(DefaultSingletonBeanRegistry.java:289)
	at org.springframework.beans.factory.support.AbstractBeanFactory.doGetBean(AbstractBeanFactory.java:334)
	at org.springframework.beans.factory.support.AbstractBeanFactory.getBean(AbstractBeanFactory.java:199)
	at org.springframework.beans.factory.support.DefaultListableBeanFactory.instantiateSingleton(DefaultListableBeanFactory.java:1122)
	at org.springframework.beans.factory.support.DefaultListableBeanFactory.preInstantiateSingleton(DefaultListableBeanFactory.java:1093)
	at org.springframework.beans.factory.support.DefaultListableBeanFactory.preInstantiateSingletons(DefaultListableBeanFactory.java:1030)
	at org.springframework.context.support.AbstractApplicationContext.finishBeanFactoryInitialization(AbstractApplicationContext.java:987)
	at org.springframework.context.support.AbstractApplicationContext.refresh(AbstractApplicationContext.java:627)
	at org.springframework.boot.web.servlet.context.ServletWebServerApplicationContext.refresh(ServletWebServerApplicationContext.java:146)
	at org.springframework.boot.SpringApplication.refresh(SpringApplication.java:752)
	at org.springframework.boot.SpringApplication.refreshContext(SpringApplication.java:439)
	at org.springframework.boot.SpringApplication.run(SpringApplication.java:318)
	at org.springframework.boot.SpringApplication.run(SpringApplication.java:1361)
	at org.springframework.boot.SpringApplication.run(SpringApplication.java:1350)
	at com.personal.crud_pulsar.CrudPulsarApplicationKt.main(CrudPulsarApplication.kt:15)
	at java.base/jdk.internal.reflect.NativeMethodAccessorImpl.invoke0(Native Method)
	at java.base/jdk.internal.reflect.NativeMethodAccessorImpl.invoke(NativeMethodAccessorImpl.java:77)
	at java.base/jdk.internal.reflect.DelegatingMethodAccessorImpl.invoke(DelegatingMethodAccessorImpl.java:43)
	at java.base/java.lang.reflect.Method.invoke(Method.java:568)
	at org.springframework.boot.devtools.restart.RestartLauncher.run(RestartLauncher.java:50)
2025-01-26 01:46:00 [restartedMain] WARN  o.s.b.a.o.j.JpaBaseConfiguration$JpaWebConfiguration - spring.jpa.open-in-view is enabled by default. Therefore, database queries may be performed during view rendering. Explicitly configure spring.jpa.open-in-view to disable this warning
2025-01-26 01:46:00 [restartedMain] INFO  o.s.b.d.a.OptionalLiveReloadServer - LiveReload server is running on port 35729
2025-01-26 01:46:00 [pulsar-client-io-1-3] INFO  o.a.p.client.impl.ConnectionPool - [[id: 0x367303b3, L:/127.0.0.1:61051 - R:localhost/127.0.0.1:6650]] Connected to server
2025-01-26 01:46:00 [pulsar-client-io-1-3] INFO  o.a.p.c.i.ConsumerStatsRecorderImpl - Starting Pulsar consumer status recorder with config: {"topicNames":["persistent://public/default/jt-raw-topic"],"topicsPattern":null,"subscriptionName":"my-subscription","subscriptionType":"Shared","subscriptionProperties":null,"subscriptionMode":"Durable","receiverQueueSize":1000,"acknowledgementsGroupTimeMicros":100000,"maxAcknowledgmentGroupSize":1000,"negativeAckRedeliveryDelayMicros":60000000,"maxTotalReceiverQueueSizeAcrossPartitions":50000,"consumerName":null,"ackTimeoutMillis":0,"tickDurationMillis":1000,"priorityLevel":0,"maxPendingChunkedMessage":10,"autoAckOldestChunkedMessageOnQueueFull":false,"expireTimeOfIncompleteChunkedMessageMillis":60000,"cryptoFailureAction":"FAIL","properties":{},"readCompacted":false,"subscriptionInitialPosition":"Latest","patternAutoDiscoveryPeriod":60,"regexSubscriptionMode":"PersistentOnly","deadLetterPolicy":null,"retryEnable":false,"autoUpdatePartitions":true,"autoUpdatePartitionsIntervalSeconds":60,"replicateSubscriptionState":false,"resetIncludeHead":false,"batchIndexAckEnabled":false,"ackReceiptEnabled":false,"poolMessages":false,"startPaused":false,"autoScaledReceiverQueueSizeEnabled":false,"topicConfigurations":[],"maxPendingChuckedMessage":10}
2025-01-26 01:46:00 [pulsar-client-io-1-3] INFO  o.a.p.c.i.ConsumerStatsRecorderImpl - Pulsar client config: {"serviceUrl":"pulsar://localhost:6650","authPluginClassName":null,"authParams":null,"authParamMap":null,"operationTimeoutMs":30000,"lookupTimeoutMs":30000,"statsIntervalSeconds":60,"numIoThreads":8,"numListenerThreads":8,"connectionsPerBroker":1,"connectionMaxIdleSeconds":180,"useTcpNoDelay":true,"useTls":false,"tlsKeyFilePath":null,"tlsCertificateFilePath":null,"tlsTrustCertsFilePath":null,"tlsAllowInsecureConnection":false,"tlsHostnameVerificationEnable":false,"concurrentLookupRequest":5000,"maxLookupRequest":50000,"maxLookupRedirects":20,"maxNumberOfRejectedRequestPerConnection":50,"keepAliveIntervalSeconds":30,"connectionTimeoutMs":10000,"requestTimeoutMs":60000,"readTimeoutMs":60000,"autoCertRefreshSeconds":300,"initialBackoffIntervalNanos":100000000,"maxBackoffIntervalNanos":60000000000,"enableBusyWait":false,"listenerName":null,"useKeyStoreTls":false,"sslProvider":null,"tlsKeyStoreType":"JKS","tlsKeyStorePath":null,"tlsKeyStorePassword":null,"tlsTrustStoreType":"JKS","tlsTrustStorePath":null,"tlsTrustStorePassword":null,"tlsCiphers":[],"tlsProtocols":[],"memoryLimitBytes":67108864,"proxyServiceUrl":null,"proxyProtocol":null,"enableTransaction":false,"dnsLookupBindAddress":null,"dnsLookupBindPort":0,"socks5ProxyAddress":null,"socks5ProxyUsername":null,"socks5ProxyPassword":null,"description":null}
2025-01-26 01:46:00 [pulsar-client-io-1-3] INFO  o.a.pulsar.client.impl.ConsumerImpl - [persistent://public/default/jt-raw-topic][my-subscription] Subscribing to topic on cnx [id: 0x367303b3, L:/127.0.0.1:61051 - R:localhost/127.0.0.1:6650], consumerId 0
2025-01-26 01:46:00 [pulsar-client-io-1-3] INFO  o.a.pulsar.client.impl.ConsumerImpl - [persistent://public/default/jt-raw-topic][my-subscription] Subscribed to topic on localhost/127.0.0.1:6650 -- consumer: 0
2025-01-26 01:46:00 [pulsar-client-io-1-3] INFO  o.a.p.c.i.ConsumerStatsRecorderImpl - Starting Pulsar consumer status recorder with config: {"topicNames":["persistent://public/default/jt-plain-topic"],"topicsPattern":null,"subscriptionName":"my-subscription","subscriptionType":"Shared","subscriptionProperties":null,"subscriptionMode":"Durable","receiverQueueSize":1000,"acknowledgementsGroupTimeMicros":100000,"maxAcknowledgmentGroupSize":1000,"negativeAckRedeliveryDelayMicros":60000000,"maxTotalReceiverQueueSizeAcrossPartitions":50000,"consumerName":null,"ackTimeoutMillis":0,"tickDurationMillis":1000,"priorityLevel":0,"maxPendingChunkedMessage":10,"autoAckOldestChunkedMessageOnQueueFull":false,"expireTimeOfIncompleteChunkedMessageMillis":60000,"cryptoFailureAction":"FAIL","properties":{},"readCompacted":false,"subscriptionInitialPosition":"Latest","patternAutoDiscoveryPeriod":60,"regexSubscriptionMode":"PersistentOnly","deadLetterPolicy":null,"retryEnable":false,"autoUpdatePartitions":true,"autoUpdatePartitionsIntervalSeconds":60,"replicateSubscriptionState":false,"resetIncludeHead":false,"batchIndexAckEnabled":false,"ackReceiptEnabled":false,"poolMessages":false,"startPaused":false,"autoScaledReceiverQueueSizeEnabled":false,"topicConfigurations":[],"maxPendingChuckedMessage":10}
2025-01-26 01:46:00 [pulsar-client-io-1-3] INFO  o.a.p.c.i.ConsumerStatsRecorderImpl - Pulsar client config: {"serviceUrl":"pulsar://localhost:6650","authPluginClassName":null,"authParams":null,"authParamMap":null,"operationTimeoutMs":30000,"lookupTimeoutMs":30000,"statsIntervalSeconds":60,"numIoThreads":8,"numListenerThreads":8,"connectionsPerBroker":1,"connectionMaxIdleSeconds":180,"useTcpNoDelay":true,"useTls":false,"tlsKeyFilePath":null,"tlsCertificateFilePath":null,"tlsTrustCertsFilePath":null,"tlsAllowInsecureConnection":false,"tlsHostnameVerificationEnable":false,"concurrentLookupRequest":5000,"maxLookupRequest":50000,"maxLookupRedirects":20,"maxNumberOfRejectedRequestPerConnection":50,"keepAliveIntervalSeconds":30,"connectionTimeoutMs":10000,"requestTimeoutMs":60000,"readTimeoutMs":60000,"autoCertRefreshSeconds":300,"initialBackoffIntervalNanos":100000000,"maxBackoffIntervalNanos":60000000000,"enableBusyWait":false,"listenerName":null,"useKeyStoreTls":false,"sslProvider":null,"tlsKeyStoreType":"JKS","tlsKeyStorePath":null,"tlsKeyStorePassword":null,"tlsTrustStoreType":"JKS","tlsTrustStorePath":null,"tlsTrustStorePassword":null,"tlsCiphers":[],"tlsProtocols":[],"memoryLimitBytes":67108864,"proxyServiceUrl":null,"proxyProtocol":null,"enableTransaction":false,"dnsLookupBindAddress":null,"dnsLookupBindPort":0,"socks5ProxyAddress":null,"socks5ProxyUsername":null,"socks5ProxyPassword":null,"description":null}
2025-01-26 01:46:00 [pulsar-client-io-1-3] INFO  o.a.pulsar.client.impl.ConsumerImpl - [persistent://public/default/jt-plain-topic][my-subscription] Subscribing to topic on cnx [id: 0x367303b3, L:/127.0.0.1:61051 - R:localhost/127.0.0.1:6650], consumerId 1
2025-01-26 01:46:00 [pulsar-client-io-1-3] INFO  o.a.pulsar.client.impl.ConsumerImpl - [persistent://public/default/jt-plain-topic][my-subscription] Subscribed to topic on localhost/127.0.0.1:6650 -- consumer: 1
2025-01-26 01:46:00 [restartedMain] INFO  o.s.b.w.e.tomcat.TomcatWebServer - Tomcat started on port 9191 (http) with context path '/'
2025-01-26 01:46:00 [restartedMain] INFO  c.p.c.CrudPulsarApplicationKt - Started CrudPulsarApplicationKt in 5.252 seconds (process running for 5.742)
2025-01-26 01:49:07 [http-nio-9191-exec-1] INFO  o.a.c.c.C.[Tomcat].[localhost].[/] - Initializing Spring DispatcherServlet 'dispatcherServlet'
2025-01-26 01:49:07 [http-nio-9191-exec-1] INFO  o.s.web.servlet.DispatcherServlet - Initializing Servlet 'dispatcherServlet'
2025-01-26 01:49:07 [http-nio-9191-exec-1] INFO  o.s.web.servlet.DispatcherServlet - Completed initialization in 11 ms
2025-01-26 01:49:07 [http-nio-9191-exec-1] INFO  c.p.crud_pulsar.HelloController - Fetching user with ID: $id
2025-01-26 01:49:07 [http-nio-9191-exec-2] INFO  c.p.crud_pulsar.HelloController - Fetching user with ID: $id
2025-01-26 01:49:07 [pulsar-client-io-1-3] INFO  o.a.p.c.i.ProducerStatsRecorderImpl - Starting Pulsar producer perf with config: {"topicName":"persistent://public/default/jt-plain-topic","producerName":null,"sendTimeoutMs":30000,"blockIfQueueFull":false,"maxPendingMessages":0,"maxPendingMessagesAcrossPartitions":0,"messageRoutingMode":"RoundRobinPartition","hashingScheme":"JavaStringHash","cryptoFailureAction":"FAIL","batchingMaxPublishDelayMicros":1000,"batchingPartitionSwitchFrequencyByPublishDelay":10,"batchingMaxMessages":1000,"batchingMaxBytes":131072,"batchingEnabled":true,"chunkingEnabled":false,"chunkMaxMessageSize":-1,"encryptionKeys":[],"compressionType":"NONE","initialSequenceId":null,"autoUpdatePartitions":true,"autoUpdatePartitionsIntervalSeconds":60,"multiSchema":true,"accessMode":"Shared","lazyStartPartitionedProducers":false,"properties":{},"initialSubscriptionName":null}
2025-01-26 01:49:07 [pulsar-client-io-1-3] INFO  o.a.p.c.i.ProducerStatsRecorderImpl - Pulsar client config: {"serviceUrl":"pulsar://localhost:6650","authPluginClassName":null,"authParams":null,"authParamMap":null,"operationTimeoutMs":30000,"lookupTimeoutMs":30000,"statsIntervalSeconds":60,"numIoThreads":8,"numListenerThreads":8,"connectionsPerBroker":1,"connectionMaxIdleSeconds":180,"useTcpNoDelay":true,"useTls":false,"tlsKeyFilePath":null,"tlsCertificateFilePath":null,"tlsTrustCertsFilePath":null,"tlsAllowInsecureConnection":false,"tlsHostnameVerificationEnable":false,"concurrentLookupRequest":5000,"maxLookupRequest":50000,"maxLookupRedirects":20,"maxNumberOfRejectedRequestPerConnection":50,"keepAliveIntervalSeconds":30,"connectionTimeoutMs":10000,"requestTimeoutMs":60000,"readTimeoutMs":60000,"autoCertRefreshSeconds":300,"initialBackoffIntervalNanos":100000000,"maxBackoffIntervalNanos":60000000000,"enableBusyWait":false,"listenerName":null,"useKeyStoreTls":false,"sslProvider":null,"tlsKeyStoreType":"JKS","tlsKeyStorePath":null,"tlsKeyStorePassword":null,"tlsTrustStoreType":"JKS","tlsTrustStorePath":null,"tlsTrustStorePassword":null,"tlsCiphers":[],"tlsProtocols":[],"memoryLimitBytes":67108864,"proxyServiceUrl":null,"proxyProtocol":null,"enableTransaction":false,"dnsLookupBindAddress":null,"dnsLookupBindPort":0,"socks5ProxyAddress":null,"socks5ProxyUsername":null,"socks5ProxyPassword":null,"description":null}
2025-01-26 01:49:07 [pulsar-client-io-1-3] INFO  o.a.pulsar.client.impl.ProducerImpl - [persistent://public/default/jt-plain-topic] [null] Creating producer on cnx [id: 0x367303b3, L:/127.0.0.1:61051 - R:localhost/127.0.0.1:6650]
2025-01-26 01:49:07 [pulsar-client-io-1-3] INFO  o.a.pulsar.client.impl.ProducerImpl - [persistent://public/default/jt-plain-topic] [standalone-0-0] Created producer on cnx [id: 0x367303b3, L:/127.0.0.1:61051 - R:localhost/127.0.0.1:6650]
2025-01-26 01:49:07 [http-nio-9191-exec-1] INFO  c.p.crud_pulsar.EventPublisher - EventPublisher::publishPlainMessage published the event: Fetched user: $id
2025-01-26 01:49:07 [http-nio-9191-exec-2] INFO  c.p.crud_pulsar.EventPublisher - EventPublisher::publishPlainMessage published the event: Fetched user: $id
2025-01-26 01:49:07 [http-nio-9191-exec-2] INFO  c.p.crud_pulsar.HelloController - User with ID: $id found.
2025-01-26 01:49:07 [http-nio-9191-exec-1] INFO  c.p.crud_pulsar.HelloController - User with ID: $id found.
2025-01-26 01:49:07 [http-nio-9191-exec-2] INFO  c.p.crud_pulsar.HelloController - Fetching user with ID: $id
2025-01-26 01:49:07 [http-nio-9191-exec-2] INFO  c.p.crud_pulsar.EventPublisher - EventPublisher::publishPlainMessage published the event: Fetched user: $id
2025-01-26 01:49:07 [http-nio-9191-exec-2] INFO  c.p.crud_pulsar.HelloController - User with ID: $id found.
2025-01-26 01:49:07 [org.springframework.Pulsar.PulsarListenerEndpointContainer#0-0-C-1] INFO  c.personal.crud_pulsar.EventConsumer - EventConsumer::consumeTextEvent consumed events Fetched user: $id
2025-01-26 01:49:07 [org.springframework.Pulsar.PulsarListenerEndpointContainer#0-0-C-1] INFO  c.personal.crud_pulsar.EventConsumer - EventConsumer::consumeTextEvent consumed events Fetched user: $id
2025-01-26 01:49:07 [org.springframework.Pulsar.PulsarListenerEndpointContainer#0-0-C-1] INFO  c.personal.crud_pulsar.EventConsumer - EventConsumer::consumeTextEvent consumed events Fetched user: $id
2025-01-26 01:49:10 [http-nio-9191-exec-6] INFO  c.p.crud_pulsar.HelloController - Fetching all users
2025-01-26 01:49:10 [http-nio-9191-exec-6] INFO  c.p.crud_pulsar.EventPublisher - EventPublisher::publishPlainMessage published the event: Fetched all users
2025-01-26 01:49:10 [http-nio-9191-exec-7] INFO  c.p.crud_pulsar.HelloController - Fetching all users
2025-01-26 01:49:10 [http-nio-9191-exec-7] INFO  c.p.crud_pulsar.EventPublisher - EventPublisher::publishPlainMessage published the event: Fetched all users
2025-01-26 01:49:10 [org.springframework.Pulsar.PulsarListenerEndpointContainer#0-0-C-1] INFO  c.personal.crud_pulsar.EventConsumer - EventConsumer::consumeTextEvent consumed events Fetched all users
2025-01-26 01:49:10 [org.springframework.Pulsar.PulsarListenerEndpointContainer#0-0-C-1] INFO  c.personal.crud_pulsar.EventConsumer - EventConsumer::consumeTextEvent consumed events Fetched all users
2025-01-26 01:50:00 [pulsar-timer-27-1] INFO  o.a.p.c.i.ConsumerStatsRecorderImpl - [persistent://public/default/jt-plain-topic] [my-subscription] [55f01] Prefetched messages: 0 --- Consume throughput received: 0.08 msgs/s --- 0.00 Mbit/s --- Ack sent rate: 0.08 ack/s --- Failed messages: 0 --- batch messages: 0 ---Failed acks: 0
2025-01-26 01:50:07 [pulsar-timer-27-1] INFO  o.a.p.c.i.ProducerStatsRecorderImpl - [persistent://public/default/jt-plain-topic] [standalone-0-0] --- Publish throughput: 0.08 msg/s --- 0.00 Mbit/s --- Latency: med: 22.000 ms - 95pct: 102.000 ms - 99pct: 102.000 ms - 99.9pct: 102.000 ms - max: 102.000 ms --- BatchSize: med: 1.000 - 95pct: 2.000 - 99pct: 2.000 - 99.9pct: 2.000 - max: 2.000 --- MsgSize: med: 17.000 bytes - 95pct: 34.000 bytes - 99pct: 34.000 bytes - 99.9pct: 34.000 bytes - max: 34.000 bytes --- Ack received rate: 0.08 ack/s --- Failed messages: 0 --- Pending messages: 0
2025-01-26 01:50:10 [pulsar-client-io-1-3] INFO  o.a.pulsar.client.impl.ProducerImpl - [persistent://public/default/jt-plain-topic] [standalone-0-0] Closed Producer
2025-01-26 01:52:59 [SpringApplicationShutdownHook] INFO  o.s.b.w.e.tomcat.GracefulShutdown - Commencing graceful shutdown. Waiting for active requests to complete
2025-01-26 01:52:59 [tomcat-shutdown] INFO  o.s.b.w.e.tomcat.GracefulShutdown - Graceful shutdown complete
2025-01-26 01:52:59 [SpringApplicationShutdownHook] INFO  o.s.p.l.DefaultPulsarMessageListenerContainer - Pausing consumer
2025-01-26 01:52:59 [SpringApplicationShutdownHook] INFO  o.s.p.l.DefaultPulsarMessageListenerContainer - Closing consumer
2025-01-26 01:52:59 [pulsar-client-io-1-3] INFO  o.a.pulsar.client.impl.ConsumerImpl - [persistent://public/default/jt-raw-topic] [my-subscription] Closed consumer
2025-01-26 01:52:59 [SpringApplicationShutdownHook] INFO  o.s.p.l.DefaultPulsarMessageListenerContainer - Pausing consumer
2025-01-26 01:52:59 [SpringApplicationShutdownHook] INFO  o.s.p.l.DefaultPulsarMessageListenerContainer - Closing consumer
2025-01-26 01:52:59 [pulsar-client-io-1-3] INFO  o.a.pulsar.client.impl.ConsumerImpl - [persistent://public/default/jt-plain-topic] [my-subscription] Closed consumer
2025-01-26 01:52:59 [SpringApplicationShutdownHook] INFO  o.a.p.client.impl.PulsarClientImpl - Client closing. URL: pulsar://localhost:6650
2025-01-26 01:52:59 [pulsar-client-io-1-3] INFO  o.a.pulsar.client.impl.ClientCnx - [id: 0x367303b3, L:/127.0.0.1:61051 ! R:localhost/127.0.0.1:6650] Disconnected
2025-01-26 01:53:01 [SpringApplicationShutdownHook] INFO  o.s.o.j.LocalContainerEntityManagerFactoryBean - Closing JPA EntityManagerFactory for persistence unit 'default'
2025-01-26 01:53:01 [SpringApplicationShutdownHook] INFO  com.zaxxer.hikari.HikariDataSource - HikariPool-1 - Shutdown initiated...
2025-01-26 01:53:01 [SpringApplicationShutdownHook] INFO  com.zaxxer.hikari.HikariDataSource - HikariPool-1 - Shutdown completed.
2025-01-26 01:53:05 [restartedMain] INFO  c.p.c.CrudPulsarApplicationKt - Starting CrudPulsarApplicationKt using Java 17.0.12 with PID 11079 (/Users/uttam.gowda/IdeaProjects/crud-pulsar/build/classes/kotlin/main started by uttam.gowda in /Users/uttam.gowda/IdeaProjects/crud-pulsar)
2025-01-26 01:53:05 [restartedMain] INFO  c.p.c.CrudPulsarApplicationKt - No active profile set, falling back to 1 default profile: "default"
2025-01-26 01:53:06 [restartedMain] INFO  o.s.b.d.restart.ChangeableUrls - The Class-Path manifest attribute in /Users/uttam.gowda/.gradle/caches/modules-2/files-2.1/org.springframework.pulsar/spring-pulsar-cache-provider-caffeine/1.2.1/c2b0ff3dd061069d916cb1df19e539eda19562e0/spring-pulsar-cache-provider-caffeine-1.2.1.jar referenced one or more files that do not exist: file:/Users/uttam.gowda/.gradle/caches/modules-2/files-2.1/org.springframework.pulsar/spring-pulsar-cache-provider-caffeine/1.2.1/c2b0ff3dd061069d916cb1df19e539eda19562e0/spring-pulsar-cache-provider-1.2.1.jar
2025-01-26 01:53:06 [restartedMain] INFO  o.s.b.d.e.DevToolsPropertyDefaultsPostProcessor - Devtools property defaults active! Set 'spring.devtools.add-properties' to 'false' to disable
2025-01-26 01:53:06 [restartedMain] INFO  o.s.b.d.e.DevToolsPropertyDefaultsPostProcessor - For additional web related logging consider setting the 'logging.level.web' property to 'DEBUG'
2025-01-26 01:53:06 [restartedMain] INFO  o.s.d.r.c.RepositoryConfigurationDelegate - Bootstrapping Spring Data JPA repositories in DEFAULT mode.
2025-01-26 01:53:06 [restartedMain] INFO  o.s.d.r.c.RepositoryConfigurationDelegate - Finished Spring Data repository scanning in 28 ms. Found 1 JPA repository interface.
2025-01-26 01:53:07 [restartedMain] INFO  o.s.b.w.e.tomcat.TomcatWebServer - Tomcat initialized with port 9191 (http)
2025-01-26 01:53:07 [restartedMain] INFO  o.a.catalina.core.StandardService - Starting service [Tomcat]
2025-01-26 01:53:07 [restartedMain] INFO  o.a.catalina.core.StandardEngine - Starting Servlet engine: [Apache Tomcat/10.1.34]
2025-01-26 01:53:07 [restartedMain] INFO  o.a.c.c.C.[Tomcat].[localhost].[/] - Initializing Spring embedded WebApplicationContext
2025-01-26 01:53:07 [restartedMain] INFO  o.s.b.w.s.c.ServletWebServerApplicationContext - Root WebApplicationContext: initialization completed in 1067 ms
2025-01-26 01:53:07 [restartedMain] INFO  o.h.jpa.internal.util.LogHelper - HHH000204: Processing PersistenceUnitInfo [name: default]
2025-01-26 01:53:07 [restartedMain] INFO  org.hibernate.Version - HHH000412: Hibernate ORM core version 6.6.4.Final
2025-01-26 01:53:07 [restartedMain] INFO  o.h.c.i.RegionFactoryInitiator - HHH000026: Second-level cache disabled
2025-01-26 01:53:07 [restartedMain] INFO  o.s.o.j.p.SpringPersistenceUnitInfo - No LoadTimeWeaver setup: ignoring JPA class transformer
2025-01-26 01:53:07 [restartedMain] INFO  com.zaxxer.hikari.HikariDataSource - HikariPool-1 - Starting...
2025-01-26 01:53:07 [restartedMain] INFO  com.zaxxer.hikari.pool.HikariPool - HikariPool-1 - Added connection org.postgresql.jdbc.PgConnection@78a7e9ec
2025-01-26 01:53:07 [restartedMain] INFO  com.zaxxer.hikari.HikariDataSource - HikariPool-1 - Start completed.
2025-01-26 01:53:07 [restartedMain] WARN  org.hibernate.orm.deprecation - HHH90000025: PostgreSQLDialect does not need to be specified explicitly using 'hibernate.dialect' (remove the property setting and it will be selected by default)
2025-01-26 01:53:07 [restartedMain] INFO  o.hibernate.orm.connections.pooling - HHH10001005: Database info:
	Database JDBC URL [Connecting through datasource 'HikariDataSource (HikariPool-1)']
	Database driver: undefined/unknown
	Database version: 17.2
	Autocommit mode: undefined/unknown
	Isolation level: undefined/unknown
	Minimum pool size: undefined/unknown
	Maximum pool size: undefined/unknown
2025-01-26 01:53:08 [restartedMain] INFO  o.h.e.t.j.p.i.JtaPlatformInitiator - HHH000489: No JTA platform available (set 'hibernate.transaction.jta.platform' to enable JTA platform integration)
2025-01-26 01:53:08 [restartedMain] INFO  o.s.o.j.LocalContainerEntityManagerFactoryBean - Initialized JPA EntityManagerFactory for persistence unit 'default'
2025-01-26 01:53:08 [restartedMain] INFO  o.s.p.c.DefaultPulsarClientFactory - Using restartable client
2025-01-26 01:53:08 [restartedMain] ERROR o.a.p.s.i.n.r.d.DnsServerAddressStreamProviders - Unable to load org.apache.pulsar.shade.io.netty.resolver.dns.macos.MacOSDnsServerAddressStreamProvider, fallback to system defaults. This may result in incorrect DNS resolutions on MacOS. Check whether you have a dependency on 'io.netty:netty-resolver-dns-native-macos'. Use DEBUG level to see the full stack: java.lang.UnsatisfiedLinkError: failed to load the required native library
2025-01-26 01:53:08 [restartedMain] WARN  o.a.p.c.util.netty.DnsResolverUtil - Cannot get DNS TTL settings from sun.net.InetAddressCachePolicy class
java.lang.IllegalAccessException: class org.apache.pulsar.common.util.netty.DnsResolverUtil cannot access class sun.net.InetAddressCachePolicy (in module java.base) because module java.base does not export sun.net to unnamed module @7655487f
	at java.base/jdk.internal.reflect.Reflection.newIllegalAccessException(Reflection.java:392)
	at java.base/java.lang.reflect.AccessibleObject.checkAccess(AccessibleObject.java:674)
	at java.base/java.lang.reflect.Method.invoke(Method.java:560)
	at org.apache.pulsar.common.util.netty.DnsResolverUtil.<clinit>(DnsResolverUtil.java:46)
	at org.apache.pulsar.client.impl.ConnectionPool.createAddressResolver(ConnectionPool.java:159)
	at org.apache.pulsar.client.impl.ConnectionPool.lambda$new$1(ConnectionPool.java:126)
	at java.base/java.util.Optional.orElseGet(Optional.java:364)
	at org.apache.pulsar.client.impl.ConnectionPool.<init>(ConnectionPool.java:126)
	at org.apache.pulsar.client.impl.ConnectionPool.<init>(ConnectionPool.java:95)
	at org.apache.pulsar.client.impl.ConnectionPool.<init>(ConnectionPool.java:90)
	at org.apache.pulsar.client.impl.PulsarClientImpl.<init>(PulsarClientImpl.java:196)
	at org.apache.pulsar.client.impl.PulsarClientImpl.<init>(PulsarClientImpl.java:153)
	at org.apache.pulsar.client.impl.ClientBuilderImpl.build(ClientBuilderImpl.java:63)
	at org.springframework.pulsar.core.PulsarClientProxy.createInstance(PulsarClientProxy.java:97)
	at org.springframework.pulsar.core.PulsarClientProxy.createInstance(PulsarClientProxy.java:47)
	at org.springframework.pulsar.core.RestartableSingletonFactory.ensureInstanceCreated(RestartableSingletonFactory.java:72)
	at org.springframework.pulsar.core.RestartableSingletonFactory.afterPropertiesSet(RestartableSingletonFactory.java:61)
	at org.springframework.beans.factory.support.AbstractAutowireCapableBeanFactory.invokeInitMethods(AbstractAutowireCapableBeanFactory.java:1855)
	at org.springframework.beans.factory.support.AbstractAutowireCapableBeanFactory.initializeBean(AbstractAutowireCapableBeanFactory.java:1804)
	at org.springframework.beans.factory.support.AbstractAutowireCapableBeanFactory.doCreateBean(AbstractAutowireCapableBeanFactory.java:601)
	at org.springframework.beans.factory.support.AbstractAutowireCapableBeanFactory.createBean(AbstractAutowireCapableBeanFactory.java:523)
	at org.springframework.beans.factory.support.AbstractBeanFactory.lambda$doGetBean$0(AbstractBeanFactory.java:336)
	at org.springframework.beans.factory.support.DefaultSingletonBeanRegistry.getSingleton(DefaultSingletonBeanRegistry.java:289)
	at org.springframework.beans.factory.support.AbstractBeanFactory.doGetBean(AbstractBeanFactory.java:334)
	at org.springframework.beans.factory.support.AbstractBeanFactory.getBean(AbstractBeanFactory.java:199)
	at org.springframework.beans.factory.support.DefaultListableBeanFactory.doResolveDependency(DefaultListableBeanFactory.java:1573)
	at org.springframework.beans.factory.support.DefaultListableBeanFactory.resolveDependency(DefaultListableBeanFactory.java:1519)
	at org.springframework.beans.factory.support.ConstructorResolver.resolveAutowiredArgument(ConstructorResolver.java:913)
	at org.springframework.beans.factory.support.ConstructorResolver.createArgumentArray(ConstructorResolver.java:791)
	at org.springframework.beans.factory.support.ConstructorResolver.instantiateUsingFactoryMethod(ConstructorResolver.java:546)
	at org.springframework.beans.factory.support.AbstractAutowireCapableBeanFactory.instantiateUsingFactoryMethod(AbstractAutowireCapableBeanFactory.java:1357)
	at org.springframework.beans.factory.support.AbstractAutowireCapableBeanFactory.createBeanInstance(AbstractAutowireCapableBeanFactory.java:1187)
	at org.springframework.beans.factory.support.AbstractAutowireCapableBeanFactory.doCreateBean(AbstractAutowireCapableBeanFactory.java:563)
	at org.springframework.beans.factory.support.AbstractAutowireCapableBeanFactory.createBean(AbstractAutowireCapableBeanFactory.java:523)
	at org.springframework.beans.factory.support.AbstractBeanFactory.lambda$doGetBean$0(AbstractBeanFactory.java:336)
	at org.springframework.beans.factory.support.DefaultSingletonBeanRegistry.getSingleton(DefaultSingletonBeanRegistry.java:289)
	at org.springframework.beans.factory.support.AbstractBeanFactory.doGetBean(AbstractBeanFactory.java:334)
	at org.springframework.beans.factory.support.AbstractBeanFactory.getBean(AbstractBeanFactory.java:199)
	at org.springframework.beans.factory.config.DependencyDescriptor.resolveCandidate(DependencyDescriptor.java:254)
	at org.springframework.beans.factory.support.DefaultListableBeanFactory.doResolveDependency(DefaultListableBeanFactory.java:1631)
	at org.springframework.beans.factory.support.DefaultListableBeanFactory.resolveDependency(DefaultListableBeanFactory.java:1519)
	at org.springframework.beans.factory.support.ConstructorResolver.resolveAutowiredArgument(ConstructorResolver.java:913)
	at org.springframework.beans.factory.support.ConstructorResolver.createArgumentArray(ConstructorResolver.java:791)
	at org.springframework.beans.factory.support.ConstructorResolver.instantiateUsingFactoryMethod(ConstructorResolver.java:546)
	at org.springframework.beans.factory.support.AbstractAutowireCapableBeanFactory.instantiateUsingFactoryMethod(AbstractAutowireCapableBeanFactory.java:1357)
	at org.springframework.beans.factory.support.AbstractAutowireCapableBeanFactory.createBeanInstance(AbstractAutowireCapableBeanFactory.java:1187)
	at org.springframework.beans.factory.support.AbstractAutowireCapableBeanFactory.doCreateBean(AbstractAutowireCapableBeanFactory.java:563)
	at org.springframework.beans.factory.support.AbstractAutowireCapableBeanFactory.createBean(AbstractAutowireCapableBeanFactory.java:523)
	at org.springframework.beans.factory.support.AbstractBeanFactory.lambda$doGetBean$0(AbstractBeanFactory.java:336)
	at org.springframework.beans.factory.support.DefaultSingletonBeanRegistry.getSingleton(DefaultSingletonBeanRegistry.java:289)
	at org.springframework.beans.factory.support.AbstractBeanFactory.doGetBean(AbstractBeanFactory.java:334)
	at org.springframework.beans.factory.support.AbstractBeanFactory.getBean(AbstractBeanFactory.java:199)
	at org.springframework.beans.factory.config.DependencyDescriptor.resolveCandidate(DependencyDescriptor.java:254)
	at org.springframework.beans.factory.support.DefaultListableBeanFactory.doResolveDependency(DefaultListableBeanFactory.java:1631)
	at org.springframework.beans.factory.support.DefaultListableBeanFactory.resolveDependency(DefaultListableBeanFactory.java:1519)
	at org.springframework.beans.factory.support.ConstructorResolver.resolveAutowiredArgument(ConstructorResolver.java:913)
	at org.springframework.beans.factory.support.ConstructorResolver.createArgumentArray(ConstructorResolver.java:791)
	at org.springframework.beans.factory.support.ConstructorResolver.autowireConstructor(ConstructorResolver.java:240)
	at org.springframework.beans.factory.support.AbstractAutowireCapableBeanFactory.autowireConstructor(AbstractAutowireCapableBeanFactory.java:1377)
	at org.springframework.beans.factory.support.AbstractAutowireCapableBeanFactory.createBeanInstance(AbstractAutowireCapableBeanFactory.java:1214)
	at org.springframework.beans.factory.support.AbstractAutowireCapableBeanFactory.doCreateBean(AbstractAutowireCapableBeanFactory.java:563)
	at org.springframework.beans.factory.support.AbstractAutowireCapableBeanFactory.createBean(AbstractAutowireCapableBeanFactory.java:523)
	at org.springframework.beans.factory.support.AbstractBeanFactory.lambda$doGetBean$0(AbstractBeanFactory.java:336)
	at org.springframework.beans.factory.support.DefaultSingletonBeanRegistry.getSingleton(DefaultSingletonBeanRegistry.java:289)
	at org.springframework.beans.factory.support.AbstractBeanFactory.doGetBean(AbstractBeanFactory.java:334)
	at org.springframework.beans.factory.support.AbstractBeanFactory.getBean(AbstractBeanFactory.java:199)
	at org.springframework.beans.factory.support.DefaultListableBeanFactory.instantiateSingleton(DefaultListableBeanFactory.java:1122)
	at org.springframework.beans.factory.support.DefaultListableBeanFactory.preInstantiateSingleton(DefaultListableBeanFactory.java:1093)
	at org.springframework.beans.factory.support.DefaultListableBeanFactory.preInstantiateSingletons(DefaultListableBeanFactory.java:1030)
	at org.springframework.context.support.AbstractApplicationContext.finishBeanFactoryInitialization(AbstractApplicationContext.java:987)
	at org.springframework.context.support.AbstractApplicationContext.refresh(AbstractApplicationContext.java:627)
	at org.springframework.boot.web.servlet.context.ServletWebServerApplicationContext.refresh(ServletWebServerApplicationContext.java:146)
	at org.springframework.boot.SpringApplication.refresh(SpringApplication.java:752)
	at org.springframework.boot.SpringApplication.refreshContext(SpringApplication.java:439)
	at org.springframework.boot.SpringApplication.run(SpringApplication.java:318)
	at org.springframework.boot.SpringApplication.run(SpringApplication.java:1361)
	at org.springframework.boot.SpringApplication.run(SpringApplication.java:1350)
	at com.personal.crud_pulsar.CrudPulsarApplicationKt.main(CrudPulsarApplication.kt:15)
	at java.base/jdk.internal.reflect.NativeMethodAccessorImpl.invoke0(Native Method)
	at java.base/jdk.internal.reflect.NativeMethodAccessorImpl.invoke(NativeMethodAccessorImpl.java:77)
	at java.base/jdk.internal.reflect.DelegatingMethodAccessorImpl.invoke(DelegatingMethodAccessorImpl.java:43)
	at java.base/java.lang.reflect.Method.invoke(Method.java:568)
	at org.springframework.boot.devtools.restart.RestartLauncher.run(RestartLauncher.java:50)
2025-01-26 01:53:08 [restartedMain] WARN  o.s.b.a.o.j.JpaBaseConfiguration$JpaWebConfiguration - spring.jpa.open-in-view is enabled by default. Therefore, database queries may be performed during view rendering. Explicitly configure spring.jpa.open-in-view to disable this warning
2025-01-26 01:53:09 [restartedMain] INFO  o.s.b.d.a.OptionalLiveReloadServer - LiveReload server is running on port 35729
2025-01-26 01:53:09 [pulsar-client-io-1-3] INFO  o.a.p.client.impl.ConnectionPool - [[id: 0xd0cea275, L:/127.0.0.1:61293 - R:localhost/127.0.0.1:6650]] Connected to server
2025-01-26 01:53:09 [pulsar-client-io-1-3] INFO  o.a.p.c.i.ConsumerStatsRecorderImpl - Starting Pulsar consumer status recorder with config: {"topicNames":["persistent://public/default/jt-raw-topic"],"topicsPattern":null,"subscriptionName":"my-subscription","subscriptionType":"Shared","subscriptionProperties":null,"subscriptionMode":"Durable","receiverQueueSize":1000,"acknowledgementsGroupTimeMicros":100000,"maxAcknowledgmentGroupSize":1000,"negativeAckRedeliveryDelayMicros":60000000,"maxTotalReceiverQueueSizeAcrossPartitions":50000,"consumerName":null,"ackTimeoutMillis":0,"tickDurationMillis":1000,"priorityLevel":0,"maxPendingChunkedMessage":10,"autoAckOldestChunkedMessageOnQueueFull":false,"expireTimeOfIncompleteChunkedMessageMillis":60000,"cryptoFailureAction":"FAIL","properties":{},"readCompacted":false,"subscriptionInitialPosition":"Latest","patternAutoDiscoveryPeriod":60,"regexSubscriptionMode":"PersistentOnly","deadLetterPolicy":null,"retryEnable":false,"autoUpdatePartitions":true,"autoUpdatePartitionsIntervalSeconds":60,"replicateSubscriptionState":false,"resetIncludeHead":false,"batchIndexAckEnabled":false,"ackReceiptEnabled":false,"poolMessages":false,"startPaused":false,"autoScaledReceiverQueueSizeEnabled":false,"topicConfigurations":[],"maxPendingChuckedMessage":10}
2025-01-26 01:53:09 [pulsar-client-io-1-3] INFO  o.a.p.c.i.ConsumerStatsRecorderImpl - Pulsar client config: {"serviceUrl":"pulsar://localhost:6650","authPluginClassName":null,"authParams":null,"authParamMap":null,"operationTimeoutMs":30000,"lookupTimeoutMs":30000,"statsIntervalSeconds":60,"numIoThreads":8,"numListenerThreads":8,"connectionsPerBroker":1,"connectionMaxIdleSeconds":180,"useTcpNoDelay":true,"useTls":false,"tlsKeyFilePath":null,"tlsCertificateFilePath":null,"tlsTrustCertsFilePath":null,"tlsAllowInsecureConnection":false,"tlsHostnameVerificationEnable":false,"concurrentLookupRequest":5000,"maxLookupRequest":50000,"maxLookupRedirects":20,"maxNumberOfRejectedRequestPerConnection":50,"keepAliveIntervalSeconds":30,"connectionTimeoutMs":10000,"requestTimeoutMs":60000,"readTimeoutMs":60000,"autoCertRefreshSeconds":300,"initialBackoffIntervalNanos":100000000,"maxBackoffIntervalNanos":60000000000,"enableBusyWait":false,"listenerName":null,"useKeyStoreTls":false,"sslProvider":null,"tlsKeyStoreType":"JKS","tlsKeyStorePath":null,"tlsKeyStorePassword":null,"tlsTrustStoreType":"JKS","tlsTrustStorePath":null,"tlsTrustStorePassword":null,"tlsCiphers":[],"tlsProtocols":[],"memoryLimitBytes":67108864,"proxyServiceUrl":null,"proxyProtocol":null,"enableTransaction":false,"dnsLookupBindAddress":null,"dnsLookupBindPort":0,"socks5ProxyAddress":null,"socks5ProxyUsername":null,"socks5ProxyPassword":null,"description":null}
2025-01-26 01:53:09 [pulsar-client-io-1-3] INFO  o.a.pulsar.client.impl.ConsumerImpl - [persistent://public/default/jt-raw-topic][my-subscription] Subscribing to topic on cnx [id: 0xd0cea275, L:/127.0.0.1:61293 - R:localhost/127.0.0.1:6650], consumerId 0
2025-01-26 01:53:09 [pulsar-client-io-1-3] INFO  o.a.pulsar.client.impl.ConsumerImpl - [persistent://public/default/jt-raw-topic][my-subscription] Subscribed to topic on localhost/127.0.0.1:6650 -- consumer: 0
2025-01-26 01:53:09 [pulsar-client-io-1-3] INFO  o.a.p.c.i.ConsumerStatsRecorderImpl - Starting Pulsar consumer status recorder with config: {"topicNames":["persistent://public/default/jt-plain-topic"],"topicsPattern":null,"subscriptionName":"my-subscription","subscriptionType":"Shared","subscriptionProperties":null,"subscriptionMode":"Durable","receiverQueueSize":1000,"acknowledgementsGroupTimeMicros":100000,"maxAcknowledgmentGroupSize":1000,"negativeAckRedeliveryDelayMicros":60000000,"maxTotalReceiverQueueSizeAcrossPartitions":50000,"consumerName":null,"ackTimeoutMillis":0,"tickDurationMillis":1000,"priorityLevel":0,"maxPendingChunkedMessage":10,"autoAckOldestChunkedMessageOnQueueFull":false,"expireTimeOfIncompleteChunkedMessageMillis":60000,"cryptoFailureAction":"FAIL","properties":{},"readCompacted":false,"subscriptionInitialPosition":"Latest","patternAutoDiscoveryPeriod":60,"regexSubscriptionMode":"PersistentOnly","deadLetterPolicy":null,"retryEnable":false,"autoUpdatePartitions":true,"autoUpdatePartitionsIntervalSeconds":60,"replicateSubscriptionState":false,"resetIncludeHead":false,"batchIndexAckEnabled":false,"ackReceiptEnabled":false,"poolMessages":false,"startPaused":false,"autoScaledReceiverQueueSizeEnabled":false,"topicConfigurations":[],"maxPendingChuckedMessage":10}
2025-01-26 01:53:09 [pulsar-client-io-1-3] INFO  o.a.p.c.i.ConsumerStatsRecorderImpl - Pulsar client config: {"serviceUrl":"pulsar://localhost:6650","authPluginClassName":null,"authParams":null,"authParamMap":null,"operationTimeoutMs":30000,"lookupTimeoutMs":30000,"statsIntervalSeconds":60,"numIoThreads":8,"numListenerThreads":8,"connectionsPerBroker":1,"connectionMaxIdleSeconds":180,"useTcpNoDelay":true,"useTls":false,"tlsKeyFilePath":null,"tlsCertificateFilePath":null,"tlsTrustCertsFilePath":null,"tlsAllowInsecureConnection":false,"tlsHostnameVerificationEnable":false,"concurrentLookupRequest":5000,"maxLookupRequest":50000,"maxLookupRedirects":20,"maxNumberOfRejectedRequestPerConnection":50,"keepAliveIntervalSeconds":30,"connectionTimeoutMs":10000,"requestTimeoutMs":60000,"readTimeoutMs":60000,"autoCertRefreshSeconds":300,"initialBackoffIntervalNanos":100000000,"maxBackoffIntervalNanos":60000000000,"enableBusyWait":false,"listenerName":null,"useKeyStoreTls":false,"sslProvider":null,"tlsKeyStoreType":"JKS","tlsKeyStorePath":null,"tlsKeyStorePassword":null,"tlsTrustStoreType":"JKS","tlsTrustStorePath":null,"tlsTrustStorePassword":null,"tlsCiphers":[],"tlsProtocols":[],"memoryLimitBytes":67108864,"proxyServiceUrl":null,"proxyProtocol":null,"enableTransaction":false,"dnsLookupBindAddress":null,"dnsLookupBindPort":0,"socks5ProxyAddress":null,"socks5ProxyUsername":null,"socks5ProxyPassword":null,"description":null}
2025-01-26 01:53:09 [pulsar-client-io-1-3] INFO  o.a.pulsar.client.impl.ConsumerImpl - [persistent://public/default/jt-plain-topic][my-subscription] Subscribing to topic on cnx [id: 0xd0cea275, L:/127.0.0.1:61293 - R:localhost/127.0.0.1:6650], consumerId 1
2025-01-26 01:53:09 [pulsar-client-io-1-3] INFO  o.a.pulsar.client.impl.ConsumerImpl - [persistent://public/default/jt-plain-topic][my-subscription] Subscribed to topic on localhost/127.0.0.1:6650 -- consumer: 1
2025-01-26 01:53:09 [restartedMain] INFO  o.s.b.w.e.tomcat.TomcatWebServer - Tomcat started on port 9191 (http) with context path '/'
2025-01-26 01:53:09 [restartedMain] INFO  c.p.c.CrudPulsarApplicationKt - Started CrudPulsarApplicationKt in 3.842 seconds (process running for 4.246)
2025-01-26 01:53:14 [http-nio-9191-exec-1] INFO  o.a.c.c.C.[Tomcat].[localhost].[/] - Initializing Spring DispatcherServlet 'dispatcherServlet'
2025-01-26 01:53:14 [http-nio-9191-exec-1] INFO  o.s.web.servlet.DispatcherServlet - Initializing Servlet 'dispatcherServlet'
2025-01-26 01:53:14 [http-nio-9191-exec-1] INFO  o.s.web.servlet.DispatcherServlet - Completed initialization in 1 ms
2025-01-26 01:53:14 [http-nio-9191-exec-1] INFO  c.p.crud_pulsar.HelloController - Fetching all users
2025-01-26 01:53:14 [pulsar-client-io-1-3] INFO  o.a.p.c.i.ProducerStatsRecorderImpl - Starting Pulsar producer perf with config: {"topicName":"persistent://public/default/jt-plain-topic","producerName":null,"sendTimeoutMs":30000,"blockIfQueueFull":false,"maxPendingMessages":0,"maxPendingMessagesAcrossPartitions":0,"messageRoutingMode":"RoundRobinPartition","hashingScheme":"JavaStringHash","cryptoFailureAction":"FAIL","batchingMaxPublishDelayMicros":1000,"batchingPartitionSwitchFrequencyByPublishDelay":10,"batchingMaxMessages":1000,"batchingMaxBytes":131072,"batchingEnabled":true,"chunkingEnabled":false,"chunkMaxMessageSize":-1,"encryptionKeys":[],"compressionType":"NONE","initialSequenceId":null,"autoUpdatePartitions":true,"autoUpdatePartitionsIntervalSeconds":60,"multiSchema":true,"accessMode":"Shared","lazyStartPartitionedProducers":false,"properties":{},"initialSubscriptionName":null}
2025-01-26 01:53:14 [pulsar-client-io-1-3] INFO  o.a.p.c.i.ProducerStatsRecorderImpl - Pulsar client config: {"serviceUrl":"pulsar://localhost:6650","authPluginClassName":null,"authParams":null,"authParamMap":null,"operationTimeoutMs":30000,"lookupTimeoutMs":30000,"statsIntervalSeconds":60,"numIoThreads":8,"numListenerThreads":8,"connectionsPerBroker":1,"connectionMaxIdleSeconds":180,"useTcpNoDelay":true,"useTls":false,"tlsKeyFilePath":null,"tlsCertificateFilePath":null,"tlsTrustCertsFilePath":null,"tlsAllowInsecureConnection":false,"tlsHostnameVerificationEnable":false,"concurrentLookupRequest":5000,"maxLookupRequest":50000,"maxLookupRedirects":20,"maxNumberOfRejectedRequestPerConnection":50,"keepAliveIntervalSeconds":30,"connectionTimeoutMs":10000,"requestTimeoutMs":60000,"readTimeoutMs":60000,"autoCertRefreshSeconds":300,"initialBackoffIntervalNanos":100000000,"maxBackoffIntervalNanos":60000000000,"enableBusyWait":false,"listenerName":null,"useKeyStoreTls":false,"sslProvider":null,"tlsKeyStoreType":"JKS","tlsKeyStorePath":null,"tlsKeyStorePassword":null,"tlsTrustStoreType":"JKS","tlsTrustStorePath":null,"tlsTrustStorePassword":null,"tlsCiphers":[],"tlsProtocols":[],"memoryLimitBytes":67108864,"proxyServiceUrl":null,"proxyProtocol":null,"enableTransaction":false,"dnsLookupBindAddress":null,"dnsLookupBindPort":0,"socks5ProxyAddress":null,"socks5ProxyUsername":null,"socks5ProxyPassword":null,"description":null}
2025-01-26 01:53:14 [pulsar-client-io-1-3] INFO  o.a.pulsar.client.impl.ProducerImpl - [persistent://public/default/jt-plain-topic] [null] Creating producer on cnx [id: 0xd0cea275, L:/127.0.0.1:61293 - R:localhost/127.0.0.1:6650]
2025-01-26 01:53:14 [pulsar-client-io-1-3] INFO  o.a.pulsar.client.impl.ProducerImpl - [persistent://public/default/jt-plain-topic] [standalone-0-1] Created producer on cnx [id: 0xd0cea275, L:/127.0.0.1:61293 - R:localhost/127.0.0.1:6650]
2025-01-26 01:53:14 [http-nio-9191-exec-1] INFO  c.p.crud_pulsar.EventPublisher - EventPublisher::publishPlainMessage published the event: Fetched all users
2025-01-26 01:53:14 [http-nio-9191-exec-2] INFO  c.p.crud_pulsar.HelloController - Fetching all users
2025-01-26 01:53:14 [http-nio-9191-exec-2] INFO  c.p.crud_pulsar.EventPublisher - EventPublisher::publishPlainMessage published the event: Fetched all users
2025-01-26 01:53:14 [org.springframework.Pulsar.PulsarListenerEndpointContainer#0-0-C-1] INFO  c.personal.crud_pulsar.EventConsumer - EventConsumer::consumeTextEvent consumed events Fetched all users
2025-01-26 01:53:14 [org.springframework.Pulsar.PulsarListenerEndpointContainer#0-0-C-1] INFO  c.personal.crud_pulsar.EventConsumer - EventConsumer::consumeTextEvent consumed events Fetched all users
2025-01-26 01:53:33 [http-nio-9191-exec-4] INFO  c.p.crud_pulsar.HelloController - Fetching user with ID: 1id
2025-01-26 01:53:33 [http-nio-9191-exec-4] INFO  c.p.crud_pulsar.EventPublisher - EventPublisher::publishPlainMessage published the event: Fetched user: 1id
2025-01-26 01:53:33 [http-nio-9191-exec-4] INFO  c.p.crud_pulsar.HelloController - User with ID: 1id found.
2025-01-26 01:53:33 [http-nio-9191-exec-5] INFO  c.p.crud_pulsar.HelloController - Fetching user with ID: 1id
2025-01-26 01:53:33 [http-nio-9191-exec-5] INFO  c.p.crud_pulsar.EventPublisher - EventPublisher::publishPlainMessage published the event: Fetched user: 1id
2025-01-26 01:53:33 [http-nio-9191-exec-5] INFO  c.p.crud_pulsar.HelloController - User with ID: 1id found.
2025-01-26 01:53:33 [org.springframework.Pulsar.PulsarListenerEndpointContainer#0-0-C-1] INFO  c.personal.crud_pulsar.EventConsumer - EventConsumer::consumeTextEvent consumed events Fetched user: 1id
2025-01-26 01:53:33 [org.springframework.Pulsar.PulsarListenerEndpointContainer#0-0-C-1] INFO  c.personal.crud_pulsar.EventConsumer - EventConsumer::consumeTextEvent consumed events Fetched user: 1id
2025-01-26 01:54:09 [pulsar-timer-27-1] INFO  o.a.p.c.i.ConsumerStatsRecorderImpl - [persistent://public/default/jt-plain-topic] [my-subscription] [b4f86] Prefetched messages: 0 --- Consume throughput received: 0.07 msgs/s --- 0.00 Mbit/s --- Ack sent rate: 0.07 ack/s --- Failed messages: 0 --- batch messages: 0 ---Failed acks: 0
2025-01-26 01:54:14 [pulsar-timer-27-1] INFO  o.a.p.c.i.ProducerStatsRecorderImpl - [persistent://public/default/jt-plain-topic] [standalone-0-1] --- Publish throughput: 0.07 msg/s --- 0.00 Mbit/s --- Latency: med: 22.000 ms - 95pct: 68.000 ms - 99pct: 68.000 ms - 99.9pct: 68.000 ms - max: 68.000 ms --- BatchSize: med: 1.000 - 95pct: 1.000 - 99pct: 1.000 - 99.9pct: 1.000 - max: 1.000 --- MsgSize: med: 17.000 bytes - 95pct: 17.000 bytes - 99pct: 17.000 bytes - 99.9pct: 17.000 bytes - max: 17.000 bytes --- Ack received rate: 0.07 ack/s --- Failed messages: 0 --- Pending messages: 0
2025-01-26 01:54:33 [pulsar-client-io-1-3] INFO  o.a.pulsar.client.impl.ProducerImpl - [persistent://public/default/jt-plain-topic] [standalone-0-1] Closed Producer
2025-01-26 01:54:55 [SpringApplicationShutdownHook] INFO  o.s.b.w.e.tomcat.GracefulShutdown - Commencing graceful shutdown. Waiting for active requests to complete
2025-01-26 01:54:55 [tomcat-shutdown] INFO  o.s.b.w.e.tomcat.GracefulShutdown - Graceful shutdown complete
2025-01-26 01:54:55 [SpringApplicationShutdownHook] INFO  o.s.p.l.DefaultPulsarMessageListenerContainer - Pausing consumer
2025-01-26 01:54:55 [SpringApplicationShutdownHook] INFO  o.s.p.l.DefaultPulsarMessageListenerContainer - Closing consumer
2025-01-26 01:54:55 [pulsar-client-io-1-3] INFO  o.a.pulsar.client.impl.ConsumerImpl - [persistent://public/default/jt-raw-topic] [my-subscription] Closed consumer
2025-01-26 01:54:55 [SpringApplicationShutdownHook] INFO  o.s.p.l.DefaultPulsarMessageListenerContainer - Pausing consumer
2025-01-26 01:54:55 [SpringApplicationShutdownHook] INFO  o.s.p.l.DefaultPulsarMessageListenerContainer - Closing consumer
2025-01-26 01:54:55 [pulsar-client-io-1-3] INFO  o.a.pulsar.client.impl.ConsumerImpl - [persistent://public/default/jt-plain-topic] [my-subscription] Closed consumer
2025-01-26 01:54:55 [SpringApplicationShutdownHook] INFO  o.a.p.client.impl.PulsarClientImpl - Client closing. URL: pulsar://localhost:6650
2025-01-26 01:54:55 [pulsar-client-io-1-3] INFO  o.a.pulsar.client.impl.ClientCnx - [id: 0xd0cea275, L:/127.0.0.1:61293 ! R:localhost/127.0.0.1:6650] Disconnected
2025-01-26 01:55:00 [restartedMain] INFO  c.p.c.CrudPulsarApplicationKt - Starting CrudPulsarApplicationKt using Java 17.0.12 with PID 11462 (/Users/uttam.gowda/IdeaProjects/crud-pulsar/build/classes/kotlin/main started by uttam.gowda in /Users/uttam.gowda/IdeaProjects/crud-pulsar)
2025-01-26 01:55:00 [restartedMain] INFO  c.p.c.CrudPulsarApplicationKt - No active profile set, falling back to 1 default profile: "default"
2025-01-26 01:55:00 [restartedMain] INFO  o.s.b.d.restart.ChangeableUrls - The Class-Path manifest attribute in /Users/uttam.gowda/.gradle/caches/modules-2/files-2.1/org.springframework.pulsar/spring-pulsar-cache-provider-caffeine/1.2.1/c2b0ff3dd061069d916cb1df19e539eda19562e0/spring-pulsar-cache-provider-caffeine-1.2.1.jar referenced one or more files that do not exist: file:/Users/uttam.gowda/.gradle/caches/modules-2/files-2.1/org.springframework.pulsar/spring-pulsar-cache-provider-caffeine/1.2.1/c2b0ff3dd061069d916cb1df19e539eda19562e0/spring-pulsar-cache-provider-1.2.1.jar
2025-01-26 01:55:00 [restartedMain] INFO  o.s.b.d.e.DevToolsPropertyDefaultsPostProcessor - Devtools property defaults active! Set 'spring.devtools.add-properties' to 'false' to disable
2025-01-26 01:55:00 [restartedMain] INFO  o.s.b.d.e.DevToolsPropertyDefaultsPostProcessor - For additional web related logging consider setting the 'logging.level.web' property to 'DEBUG'
2025-01-26 01:55:01 [restartedMain] INFO  o.s.d.r.c.RepositoryConfigurationDelegate - Bootstrapping Spring Data JPA repositories in DEFAULT mode.
2025-01-26 01:55:01 [restartedMain] INFO  o.s.d.r.c.RepositoryConfigurationDelegate - Finished Spring Data repository scanning in 29 ms. Found 1 JPA repository interface.
2025-01-26 01:55:01 [restartedMain] INFO  o.s.b.w.e.tomcat.TomcatWebServer - Tomcat initialized with port 9191 (http)
2025-01-26 01:55:01 [restartedMain] INFO  o.a.catalina.core.StandardService - Starting service [Tomcat]
2025-01-26 01:55:01 [restartedMain] INFO  o.a.catalina.core.StandardEngine - Starting Servlet engine: [Apache Tomcat/10.1.34]
2025-01-26 01:55:02 [restartedMain] INFO  o.a.c.c.C.[Tomcat].[localhost].[/] - Initializing Spring embedded WebApplicationContext
2025-01-26 01:55:02 [restartedMain] INFO  o.s.b.w.s.c.ServletWebServerApplicationContext - Root WebApplicationContext: initialization completed in 1250 ms
2025-01-26 01:55:02 [restartedMain] INFO  o.h.jpa.internal.util.LogHelper - HHH000204: Processing PersistenceUnitInfo [name: default]
2025-01-26 01:55:02 [restartedMain] INFO  org.hibernate.Version - HHH000412: Hibernate ORM core version 6.6.4.Final
2025-01-26 01:55:02 [restartedMain] INFO  o.h.c.i.RegionFactoryInitiator - HHH000026: Second-level cache disabled
2025-01-26 01:55:02 [restartedMain] INFO  o.s.o.j.p.SpringPersistenceUnitInfo - No LoadTimeWeaver setup: ignoring JPA class transformer
2025-01-26 01:55:02 [restartedMain] INFO  com.zaxxer.hikari.HikariDataSource - HikariPool-1 - Starting...
2025-01-26 01:55:02 [restartedMain] INFO  com.zaxxer.hikari.pool.HikariPool - HikariPool-1 - Added connection org.postgresql.jdbc.PgConnection@34f07a8
2025-01-26 01:55:02 [restartedMain] INFO  com.zaxxer.hikari.HikariDataSource - HikariPool-1 - Start completed.
2025-01-26 01:55:02 [restartedMain] WARN  org.hibernate.orm.deprecation - HHH90000025: PostgreSQLDialect does not need to be specified explicitly using 'hibernate.dialect' (remove the property setting and it will be selected by default)
2025-01-26 01:55:02 [restartedMain] INFO  o.hibernate.orm.connections.pooling - HHH10001005: Database info:
	Database JDBC URL [Connecting through datasource 'HikariDataSource (HikariPool-1)']
	Database driver: undefined/unknown
	Database version: 17.2
	Autocommit mode: undefined/unknown
	Isolation level: undefined/unknown
	Minimum pool size: undefined/unknown
	Maximum pool size: undefined/unknown
2025-01-26 01:55:03 [restartedMain] INFO  o.h.e.t.j.p.i.JtaPlatformInitiator - HHH000489: No JTA platform available (set 'hibernate.transaction.jta.platform' to enable JTA platform integration)
2025-01-26 01:55:03 [restartedMain] INFO  o.s.o.j.LocalContainerEntityManagerFactoryBean - Initialized JPA EntityManagerFactory for persistence unit 'default'
2025-01-26 01:55:03 [restartedMain] INFO  o.s.p.c.DefaultPulsarClientFactory - Using restartable client
2025-01-26 01:55:03 [restartedMain] ERROR o.a.p.s.i.n.r.d.DnsServerAddressStreamProviders - Unable to load org.apache.pulsar.shade.io.netty.resolver.dns.macos.MacOSDnsServerAddressStreamProvider, fallback to system defaults. This may result in incorrect DNS resolutions on MacOS. Check whether you have a dependency on 'io.netty:netty-resolver-dns-native-macos'. Use DEBUG level to see the full stack: java.lang.UnsatisfiedLinkError: failed to load the required native library
2025-01-26 01:55:03 [restartedMain] WARN  o.a.p.c.util.netty.DnsResolverUtil - Cannot get DNS TTL settings from sun.net.InetAddressCachePolicy class
java.lang.IllegalAccessException: class org.apache.pulsar.common.util.netty.DnsResolverUtil cannot access class sun.net.InetAddressCachePolicy (in module java.base) because module java.base does not export sun.net to unnamed module @7a20c1cb
	at java.base/jdk.internal.reflect.Reflection.newIllegalAccessException(Reflection.java:392)
	at java.base/java.lang.reflect.AccessibleObject.checkAccess(AccessibleObject.java:674)
	at java.base/java.lang.reflect.Method.invoke(Method.java:560)
	at org.apache.pulsar.common.util.netty.DnsResolverUtil.<clinit>(DnsResolverUtil.java:46)
	at org.apache.pulsar.client.impl.ConnectionPool.createAddressResolver(ConnectionPool.java:159)
	at org.apache.pulsar.client.impl.ConnectionPool.lambda$new$1(ConnectionPool.java:126)
	at java.base/java.util.Optional.orElseGet(Optional.java:364)
	at org.apache.pulsar.client.impl.ConnectionPool.<init>(ConnectionPool.java:126)
	at org.apache.pulsar.client.impl.ConnectionPool.<init>(ConnectionPool.java:95)
	at org.apache.pulsar.client.impl.ConnectionPool.<init>(ConnectionPool.java:90)
	at org.apache.pulsar.client.impl.PulsarClientImpl.<init>(PulsarClientImpl.java:196)
	at org.apache.pulsar.client.impl.PulsarClientImpl.<init>(PulsarClientImpl.java:153)
	at org.apache.pulsar.client.impl.ClientBuilderImpl.build(ClientBuilderImpl.java:63)
	at org.springframework.pulsar.core.PulsarClientProxy.createInstance(PulsarClientProxy.java:97)
	at org.springframework.pulsar.core.PulsarClientProxy.createInstance(PulsarClientProxy.java:47)
	at org.springframework.pulsar.core.RestartableSingletonFactory.ensureInstanceCreated(RestartableSingletonFactory.java:72)
	at org.springframework.pulsar.core.RestartableSingletonFactory.afterPropertiesSet(RestartableSingletonFactory.java:61)
	at org.springframework.beans.factory.support.AbstractAutowireCapableBeanFactory.invokeInitMethods(AbstractAutowireCapableBeanFactory.java:1855)
	at org.springframework.beans.factory.support.AbstractAutowireCapableBeanFactory.initializeBean(AbstractAutowireCapableBeanFactory.java:1804)
	at org.springframework.beans.factory.support.AbstractAutowireCapableBeanFactory.doCreateBean(AbstractAutowireCapableBeanFactory.java:601)
	at org.springframework.beans.factory.support.AbstractAutowireCapableBeanFactory.createBean(AbstractAutowireCapableBeanFactory.java:523)
	at org.springframework.beans.factory.support.AbstractBeanFactory.lambda$doGetBean$0(AbstractBeanFactory.java:336)
	at org.springframework.beans.factory.support.DefaultSingletonBeanRegistry.getSingleton(DefaultSingletonBeanRegistry.java:289)
	at org.springframework.beans.factory.support.AbstractBeanFactory.doGetBean(AbstractBeanFactory.java:334)
	at org.springframework.beans.factory.support.AbstractBeanFactory.getBean(AbstractBeanFactory.java:199)
	at org.springframework.beans.factory.support.DefaultListableBeanFactory.doResolveDependency(DefaultListableBeanFactory.java:1573)
	at org.springframework.beans.factory.support.DefaultListableBeanFactory.resolveDependency(DefaultListableBeanFactory.java:1519)
	at org.springframework.beans.factory.support.ConstructorResolver.resolveAutowiredArgument(ConstructorResolver.java:913)
	at org.springframework.beans.factory.support.ConstructorResolver.createArgumentArray(ConstructorResolver.java:791)
	at org.springframework.beans.factory.support.ConstructorResolver.instantiateUsingFactoryMethod(ConstructorResolver.java:546)
	at org.springframework.beans.factory.support.AbstractAutowireCapableBeanFactory.instantiateUsingFactoryMethod(AbstractAutowireCapableBeanFactory.java:1357)
	at org.springframework.beans.factory.support.AbstractAutowireCapableBeanFactory.createBeanInstance(AbstractAutowireCapableBeanFactory.java:1187)
	at org.springframework.beans.factory.support.AbstractAutowireCapableBeanFactory.doCreateBean(AbstractAutowireCapableBeanFactory.java:563)
	at org.springframework.beans.factory.support.AbstractAutowireCapableBeanFactory.createBean(AbstractAutowireCapableBeanFactory.java:523)
	at org.springframework.beans.factory.support.AbstractBeanFactory.lambda$doGetBean$0(AbstractBeanFactory.java:336)
	at org.springframework.beans.factory.support.DefaultSingletonBeanRegistry.getSingleton(DefaultSingletonBeanRegistry.java:289)
	at org.springframework.beans.factory.support.AbstractBeanFactory.doGetBean(AbstractBeanFactory.java:334)
	at org.springframework.beans.factory.support.AbstractBeanFactory.getBean(AbstractBeanFactory.java:199)
	at org.springframework.beans.factory.config.DependencyDescriptor.resolveCandidate(DependencyDescriptor.java:254)
	at org.springframework.beans.factory.support.DefaultListableBeanFactory.doResolveDependency(DefaultListableBeanFactory.java:1631)
	at org.springframework.beans.factory.support.DefaultListableBeanFactory.resolveDependency(DefaultListableBeanFactory.java:1519)
	at org.springframework.beans.factory.support.ConstructorResolver.resolveAutowiredArgument(ConstructorResolver.java:913)
	at org.springframework.beans.factory.support.ConstructorResolver.createArgumentArray(ConstructorResolver.java:791)
	at org.springframework.beans.factory.support.ConstructorResolver.instantiateUsingFactoryMethod(ConstructorResolver.java:546)
	at org.springframework.beans.factory.support.AbstractAutowireCapableBeanFactory.instantiateUsingFactoryMethod(AbstractAutowireCapableBeanFactory.java:1357)
	at org.springframework.beans.factory.support.AbstractAutowireCapableBeanFactory.createBeanInstance(AbstractAutowireCapableBeanFactory.java:1187)
	at org.springframework.beans.factory.support.AbstractAutowireCapableBeanFactory.doCreateBean(AbstractAutowireCapableBeanFactory.java:563)
	at org.springframework.beans.factory.support.AbstractAutowireCapableBeanFactory.createBean(AbstractAutowireCapableBeanFactory.java:523)
	at org.springframework.beans.factory.support.AbstractBeanFactory.lambda$doGetBean$0(AbstractBeanFactory.java:336)
	at org.springframework.beans.factory.support.DefaultSingletonBeanRegistry.getSingleton(DefaultSingletonBeanRegistry.java:289)
	at org.springframework.beans.factory.support.AbstractBeanFactory.doGetBean(AbstractBeanFactory.java:334)
	at org.springframework.beans.factory.support.AbstractBeanFactory.getBean(AbstractBeanFactory.java:199)
	at org.springframework.beans.factory.config.DependencyDescriptor.resolveCandidate(DependencyDescriptor.java:254)
	at org.springframework.beans.factory.support.DefaultListableBeanFactory.doResolveDependency(DefaultListableBeanFactory.java:1631)
	at org.springframework.beans.factory.support.DefaultListableBeanFactory.resolveDependency(DefaultListableBeanFactory.java:1519)
	at org.springframework.beans.factory.support.ConstructorResolver.resolveAutowiredArgument(ConstructorResolver.java:913)
	at org.springframework.beans.factory.support.ConstructorResolver.createArgumentArray(ConstructorResolver.java:791)
	at org.springframework.beans.factory.support.ConstructorResolver.autowireConstructor(ConstructorResolver.java:240)
	at org.springframework.beans.factory.support.AbstractAutowireCapableBeanFactory.autowireConstructor(AbstractAutowireCapableBeanFactory.java:1377)
	at org.springframework.beans.factory.support.AbstractAutowireCapableBeanFactory.createBeanInstance(AbstractAutowireCapableBeanFactory.java:1214)
	at org.springframework.beans.factory.support.AbstractAutowireCapableBeanFactory.doCreateBean(AbstractAutowireCapableBeanFactory.java:563)
	at org.springframework.beans.factory.support.AbstractAutowireCapableBeanFactory.createBean(AbstractAutowireCapableBeanFactory.java:523)
	at org.springframework.beans.factory.support.AbstractBeanFactory.lambda$doGetBean$0(AbstractBeanFactory.java:336)
	at org.springframework.beans.factory.support.DefaultSingletonBeanRegistry.getSingleton(DefaultSingletonBeanRegistry.java:289)
	at org.springframework.beans.factory.support.AbstractBeanFactory.doGetBean(AbstractBeanFactory.java:334)
	at org.springframework.beans.factory.support.AbstractBeanFactory.getBean(AbstractBeanFactory.java:199)
	at org.springframework.beans.factory.support.DefaultListableBeanFactory.instantiateSingleton(DefaultListableBeanFactory.java:1122)
	at org.springframework.beans.factory.support.DefaultListableBeanFactory.preInstantiateSingleton(DefaultListableBeanFactory.java:1093)
	at org.springframework.beans.factory.support.DefaultListableBeanFactory.preInstantiateSingletons(DefaultListableBeanFactory.java:1030)
	at org.springframework.context.support.AbstractApplicationContext.finishBeanFactoryInitialization(AbstractApplicationContext.java:987)
	at org.springframework.context.support.AbstractApplicationContext.refresh(AbstractApplicationContext.java:627)
	at org.springframework.boot.web.servlet.context.ServletWebServerApplicationContext.refresh(ServletWebServerApplicationContext.java:146)
	at org.springframework.boot.SpringApplication.refresh(SpringApplication.java:752)
	at org.springframework.boot.SpringApplication.refreshContext(SpringApplication.java:439)
	at org.springframework.boot.SpringApplication.run(SpringApplication.java:318)
	at org.springframework.boot.SpringApplication.run(SpringApplication.java:1361)
	at org.springframework.boot.SpringApplication.run(SpringApplication.java:1350)
	at com.personal.crud_pulsar.CrudPulsarApplicationKt.main(CrudPulsarApplication.kt:15)
	at java.base/jdk.internal.reflect.NativeMethodAccessorImpl.invoke0(Native Method)
	at java.base/jdk.internal.reflect.NativeMethodAccessorImpl.invoke(NativeMethodAccessorImpl.java:77)
	at java.base/jdk.internal.reflect.DelegatingMethodAccessorImpl.invoke(DelegatingMethodAccessorImpl.java:43)
	at java.base/java.lang.reflect.Method.invoke(Method.java:568)
	at org.springframework.boot.devtools.restart.RestartLauncher.run(RestartLauncher.java:50)
2025-01-26 01:55:03 [restartedMain] WARN  o.s.b.a.o.j.JpaBaseConfiguration$JpaWebConfiguration - spring.jpa.open-in-view is enabled by default. Therefore, database queries may be performed during view rendering. Explicitly configure spring.jpa.open-in-view to disable this warning
2025-01-26 01:55:04 [restartedMain] INFO  o.s.b.d.a.OptionalLiveReloadServer - LiveReload server is running on port 35729
2025-01-26 01:55:04 [pulsar-client-io-1-3] INFO  o.a.p.client.impl.ConnectionPool - [[id: 0xf80e2f16, L:/127.0.0.1:61358 - R:localhost/127.0.0.1:6650]] Connected to server
2025-01-26 01:55:04 [pulsar-client-io-1-3] INFO  o.a.p.c.i.ConsumerStatsRecorderImpl - Starting Pulsar consumer status recorder with config: {"topicNames":["persistent://public/default/jt-raw-topic"],"topicsPattern":null,"subscriptionName":"my-subscription","subscriptionType":"Shared","subscriptionProperties":null,"subscriptionMode":"Durable","receiverQueueSize":1000,"acknowledgementsGroupTimeMicros":100000,"maxAcknowledgmentGroupSize":1000,"negativeAckRedeliveryDelayMicros":60000000,"maxTotalReceiverQueueSizeAcrossPartitions":50000,"consumerName":null,"ackTimeoutMillis":0,"tickDurationMillis":1000,"priorityLevel":0,"maxPendingChunkedMessage":10,"autoAckOldestChunkedMessageOnQueueFull":false,"expireTimeOfIncompleteChunkedMessageMillis":60000,"cryptoFailureAction":"FAIL","properties":{},"readCompacted":false,"subscriptionInitialPosition":"Latest","patternAutoDiscoveryPeriod":60,"regexSubscriptionMode":"PersistentOnly","deadLetterPolicy":null,"retryEnable":false,"autoUpdatePartitions":true,"autoUpdatePartitionsIntervalSeconds":60,"replicateSubscriptionState":false,"resetIncludeHead":false,"batchIndexAckEnabled":false,"ackReceiptEnabled":false,"poolMessages":false,"startPaused":false,"autoScaledReceiverQueueSizeEnabled":false,"topicConfigurations":[],"maxPendingChuckedMessage":10}
2025-01-26 01:55:04 [pulsar-client-io-1-3] INFO  o.a.p.c.i.ConsumerStatsRecorderImpl - Pulsar client config: {"serviceUrl":"pulsar://localhost:6650","authPluginClassName":null,"authParams":null,"authParamMap":null,"operationTimeoutMs":30000,"lookupTimeoutMs":30000,"statsIntervalSeconds":60,"numIoThreads":8,"numListenerThreads":8,"connectionsPerBroker":1,"connectionMaxIdleSeconds":180,"useTcpNoDelay":true,"useTls":false,"tlsKeyFilePath":null,"tlsCertificateFilePath":null,"tlsTrustCertsFilePath":null,"tlsAllowInsecureConnection":false,"tlsHostnameVerificationEnable":false,"concurrentLookupRequest":5000,"maxLookupRequest":50000,"maxLookupRedirects":20,"maxNumberOfRejectedRequestPerConnection":50,"keepAliveIntervalSeconds":30,"connectionTimeoutMs":10000,"requestTimeoutMs":60000,"readTimeoutMs":60000,"autoCertRefreshSeconds":300,"initialBackoffIntervalNanos":100000000,"maxBackoffIntervalNanos":60000000000,"enableBusyWait":false,"listenerName":null,"useKeyStoreTls":false,"sslProvider":null,"tlsKeyStoreType":"JKS","tlsKeyStorePath":null,"tlsKeyStorePassword":null,"tlsTrustStoreType":"JKS","tlsTrustStorePath":null,"tlsTrustStorePassword":null,"tlsCiphers":[],"tlsProtocols":[],"memoryLimitBytes":67108864,"proxyServiceUrl":null,"proxyProtocol":null,"enableTransaction":false,"dnsLookupBindAddress":null,"dnsLookupBindPort":0,"socks5ProxyAddress":null,"socks5ProxyUsername":null,"socks5ProxyPassword":null,"description":null}
2025-01-26 01:55:04 [pulsar-client-io-1-3] INFO  o.a.pulsar.client.impl.ConsumerImpl - [persistent://public/default/jt-raw-topic][my-subscription] Subscribing to topic on cnx [id: 0xf80e2f16, L:/127.0.0.1:61358 - R:localhost/127.0.0.1:6650], consumerId 0
2025-01-26 01:55:04 [pulsar-client-io-1-3] INFO  o.a.pulsar.client.impl.ConsumerImpl - [persistent://public/default/jt-raw-topic][my-subscription] Subscribed to topic on localhost/127.0.0.1:6650 -- consumer: 0
2025-01-26 01:55:04 [pulsar-client-io-1-3] INFO  o.a.p.c.i.ConsumerStatsRecorderImpl - Starting Pulsar consumer status recorder with config: {"topicNames":["persistent://public/default/jt-plain-topic"],"topicsPattern":null,"subscriptionName":"my-subscription","subscriptionType":"Shared","subscriptionProperties":null,"subscriptionMode":"Durable","receiverQueueSize":1000,"acknowledgementsGroupTimeMicros":100000,"maxAcknowledgmentGroupSize":1000,"negativeAckRedeliveryDelayMicros":60000000,"maxTotalReceiverQueueSizeAcrossPartitions":50000,"consumerName":null,"ackTimeoutMillis":0,"tickDurationMillis":1000,"priorityLevel":0,"maxPendingChunkedMessage":10,"autoAckOldestChunkedMessageOnQueueFull":false,"expireTimeOfIncompleteChunkedMessageMillis":60000,"cryptoFailureAction":"FAIL","properties":{},"readCompacted":false,"subscriptionInitialPosition":"Latest","patternAutoDiscoveryPeriod":60,"regexSubscriptionMode":"PersistentOnly","deadLetterPolicy":null,"retryEnable":false,"autoUpdatePartitions":true,"autoUpdatePartitionsIntervalSeconds":60,"replicateSubscriptionState":false,"resetIncludeHead":false,"batchIndexAckEnabled":false,"ackReceiptEnabled":false,"poolMessages":false,"startPaused":false,"autoScaledReceiverQueueSizeEnabled":false,"topicConfigurations":[],"maxPendingChuckedMessage":10}
2025-01-26 01:55:04 [pulsar-client-io-1-3] INFO  o.a.p.c.i.ConsumerStatsRecorderImpl - Pulsar client config: {"serviceUrl":"pulsar://localhost:6650","authPluginClassName":null,"authParams":null,"authParamMap":null,"operationTimeoutMs":30000,"lookupTimeoutMs":30000,"statsIntervalSeconds":60,"numIoThreads":8,"numListenerThreads":8,"connectionsPerBroker":1,"connectionMaxIdleSeconds":180,"useTcpNoDelay":true,"useTls":false,"tlsKeyFilePath":null,"tlsCertificateFilePath":null,"tlsTrustCertsFilePath":null,"tlsAllowInsecureConnection":false,"tlsHostnameVerificationEnable":false,"concurrentLookupRequest":5000,"maxLookupRequest":50000,"maxLookupRedirects":20,"maxNumberOfRejectedRequestPerConnection":50,"keepAliveIntervalSeconds":30,"connectionTimeoutMs":10000,"requestTimeoutMs":60000,"readTimeoutMs":60000,"autoCertRefreshSeconds":300,"initialBackoffIntervalNanos":100000000,"maxBackoffIntervalNanos":60000000000,"enableBusyWait":false,"listenerName":null,"useKeyStoreTls":false,"sslProvider":null,"tlsKeyStoreType":"JKS","tlsKeyStorePath":null,"tlsKeyStorePassword":null,"tlsTrustStoreType":"JKS","tlsTrustStorePath":null,"tlsTrustStorePassword":null,"tlsCiphers":[],"tlsProtocols":[],"memoryLimitBytes":67108864,"proxyServiceUrl":null,"proxyProtocol":null,"enableTransaction":false,"dnsLookupBindAddress":null,"dnsLookupBindPort":0,"socks5ProxyAddress":null,"socks5ProxyUsername":null,"socks5ProxyPassword":null,"description":null}
2025-01-26 01:55:04 [pulsar-client-io-1-3] INFO  o.a.pulsar.client.impl.ConsumerImpl - [persistent://public/default/jt-plain-topic][my-subscription] Subscribing to topic on cnx [id: 0xf80e2f16, L:/127.0.0.1:61358 - R:localhost/127.0.0.1:6650], consumerId 1
2025-01-26 01:55:04 [pulsar-client-io-1-3] INFO  o.a.pulsar.client.impl.ConsumerImpl - [persistent://public/default/jt-plain-topic][my-subscription] Subscribed to topic on localhost/127.0.0.1:6650 -- consumer: 1
2025-01-26 01:55:04 [restartedMain] INFO  o.s.b.w.e.tomcat.TomcatWebServer - Tomcat started on port 9191 (http) with context path '/'
2025-01-26 01:55:04 [restartedMain] INFO  c.p.c.CrudPulsarApplicationKt - Started CrudPulsarApplicationKt in 4.308 seconds (process running for 4.741)
2025-01-26 01:55:09 [http-nio-9191-exec-1] INFO  o.a.c.c.C.[Tomcat].[localhost].[/] - Initializing Spring DispatcherServlet 'dispatcherServlet'
2025-01-26 01:55:09 [http-nio-9191-exec-1] INFO  o.s.web.servlet.DispatcherServlet - Initializing Servlet 'dispatcherServlet'
2025-01-26 01:55:09 [http-nio-9191-exec-1] INFO  o.s.web.servlet.DispatcherServlet - Completed initialization in 2 ms
2025-01-26 01:55:09 [http-nio-9191-exec-1] INFO  c.p.crud_pulsar.HelloController - Fetching user with ID: 1 id
2025-01-26 01:55:09 [pulsar-client-io-1-3] INFO  o.a.p.c.i.ProducerStatsRecorderImpl - Starting Pulsar producer perf with config: {"topicName":"persistent://public/default/jt-plain-topic","producerName":null,"sendTimeoutMs":30000,"blockIfQueueFull":false,"maxPendingMessages":0,"maxPendingMessagesAcrossPartitions":0,"messageRoutingMode":"RoundRobinPartition","hashingScheme":"JavaStringHash","cryptoFailureAction":"FAIL","batchingMaxPublishDelayMicros":1000,"batchingPartitionSwitchFrequencyByPublishDelay":10,"batchingMaxMessages":1000,"batchingMaxBytes":131072,"batchingEnabled":true,"chunkingEnabled":false,"chunkMaxMessageSize":-1,"encryptionKeys":[],"compressionType":"NONE","initialSequenceId":null,"autoUpdatePartitions":true,"autoUpdatePartitionsIntervalSeconds":60,"multiSchema":true,"accessMode":"Shared","lazyStartPartitionedProducers":false,"properties":{},"initialSubscriptionName":null}
2025-01-26 01:55:09 [pulsar-client-io-1-3] INFO  o.a.p.c.i.ProducerStatsRecorderImpl - Pulsar client config: {"serviceUrl":"pulsar://localhost:6650","authPluginClassName":null,"authParams":null,"authParamMap":null,"operationTimeoutMs":30000,"lookupTimeoutMs":30000,"statsIntervalSeconds":60,"numIoThreads":8,"numListenerThreads":8,"connectionsPerBroker":1,"connectionMaxIdleSeconds":180,"useTcpNoDelay":true,"useTls":false,"tlsKeyFilePath":null,"tlsCertificateFilePath":null,"tlsTrustCertsFilePath":null,"tlsAllowInsecureConnection":false,"tlsHostnameVerificationEnable":false,"concurrentLookupRequest":5000,"maxLookupRequest":50000,"maxLookupRedirects":20,"maxNumberOfRejectedRequestPerConnection":50,"keepAliveIntervalSeconds":30,"connectionTimeoutMs":10000,"requestTimeoutMs":60000,"readTimeoutMs":60000,"autoCertRefreshSeconds":300,"initialBackoffIntervalNanos":100000000,"maxBackoffIntervalNanos":60000000000,"enableBusyWait":false,"listenerName":null,"useKeyStoreTls":false,"sslProvider":null,"tlsKeyStoreType":"JKS","tlsKeyStorePath":null,"tlsKeyStorePassword":null,"tlsTrustStoreType":"JKS","tlsTrustStorePath":null,"tlsTrustStorePassword":null,"tlsCiphers":[],"tlsProtocols":[],"memoryLimitBytes":67108864,"proxyServiceUrl":null,"proxyProtocol":null,"enableTransaction":false,"dnsLookupBindAddress":null,"dnsLookupBindPort":0,"socks5ProxyAddress":null,"socks5ProxyUsername":null,"socks5ProxyPassword":null,"description":null}
2025-01-26 01:55:09 [pulsar-client-io-1-3] INFO  o.a.pulsar.client.impl.ProducerImpl - [persistent://public/default/jt-plain-topic] [null] Creating producer on cnx [id: 0xf80e2f16, L:/127.0.0.1:61358 - R:localhost/127.0.0.1:6650]
2025-01-26 01:55:09 [pulsar-client-io-1-3] INFO  o.a.pulsar.client.impl.ProducerImpl - [persistent://public/default/jt-plain-topic] [standalone-0-2] Created producer on cnx [id: 0xf80e2f16, L:/127.0.0.1:61358 - R:localhost/127.0.0.1:6650]
2025-01-26 01:55:09 [http-nio-9191-exec-1] INFO  c.p.crud_pulsar.EventPublisher - EventPublisher::publishPlainMessage published the event: Fetched user: 1 id
2025-01-26 01:55:09 [http-nio-9191-exec-1] INFO  c.p.crud_pulsar.HelloController - User with ID: 1 id found.
2025-01-26 01:55:09 [http-nio-9191-exec-2] INFO  c.p.crud_pulsar.HelloController - Fetching user with ID: 1 id
2025-01-26 01:55:09 [http-nio-9191-exec-2] INFO  c.p.crud_pulsar.EventPublisher - EventPublisher::publishPlainMessage published the event: Fetched user: 1 id
2025-01-26 01:55:09 [http-nio-9191-exec-2] INFO  c.p.crud_pulsar.HelloController - User with ID: 1 id found.
2025-01-26 01:55:09 [org.springframework.Pulsar.PulsarListenerEndpointContainer#0-0-C-1] INFO  c.personal.crud_pulsar.EventConsumer - EventConsumer::consumeTextEvent consumed events Fetched user: 1 id
2025-01-26 01:55:09 [org.springframework.Pulsar.PulsarListenerEndpointContainer#0-0-C-1] INFO  c.personal.crud_pulsar.EventConsumer - EventConsumer::consumeTextEvent consumed events Fetched user: 1 id
2025-01-26 01:55:27 [http-nio-9191-exec-4] INFO  c.p.crud_pulsar.HelloController - Fetching all users
2025-01-26 01:55:27 [http-nio-9191-exec-4] INFO  c.p.crud_pulsar.EventPublisher - EventPublisher::publishPlainMessage published the event: Fetched all users
2025-01-26 01:55:27 [org.springframework.Pulsar.PulsarListenerEndpointContainer#0-0-C-1] INFO  c.personal.crud_pulsar.EventConsumer - EventConsumer::consumeTextEvent consumed events Fetched all users
2025-01-26 01:55:27 [http-nio-9191-exec-5] INFO  c.p.crud_pulsar.HelloController - Fetching all users
2025-01-26 01:55:27 [http-nio-9191-exec-5] INFO  c.p.crud_pulsar.EventPublisher - EventPublisher::publishPlainMessage published the event: Fetched all users
2025-01-26 01:55:27 [org.springframework.Pulsar.PulsarListenerEndpointContainer#0-0-C-1] INFO  c.personal.crud_pulsar.EventConsumer - EventConsumer::consumeTextEvent consumed events Fetched all users
2025-01-26 01:56:04 [pulsar-timer-27-1] INFO  o.a.p.c.i.ConsumerStatsRecorderImpl - [persistent://public/default/jt-plain-topic] [my-subscription] [7f446] Prefetched messages: 0 --- Consume throughput received: 0.07 msgs/s --- 0.00 Mbit/s --- Ack sent rate: 0.07 ack/s --- Failed messages: 0 --- batch messages: 0 ---Failed acks: 0
2025-01-26 01:56:09 [pulsar-timer-27-1] INFO  o.a.p.c.i.ProducerStatsRecorderImpl - [persistent://public/default/jt-plain-topic] [standalone-0-2] --- Publish throughput: 0.07 msg/s --- 0.00 Mbit/s --- Latency: med: 19.000 ms - 95pct: 39.000 ms - 99pct: 39.000 ms - 99.9pct: 39.000 ms - max: 39.000 ms --- BatchSize: med: 1.000 - 95pct: 1.000 - 99pct: 1.000 - 99.9pct: 1.000 - max: 1.000 --- MsgSize: med: 18.000 bytes - 95pct: 18.000 bytes - 99pct: 18.000 bytes - 99.9pct: 18.000 bytes - max: 18.000 bytes --- Ack received rate: 0.07 ack/s --- Failed messages: 0 --- Pending messages: 0
2025-01-26 01:56:19 [http-nio-9191-exec-8] INFO  c.p.crud_pulsar.HelloController - Attempting to create user with ID: $ {newUser.id}
2025-01-26 01:56:19 [http-nio-9191-exec-8] INFO  c.p.crud_pulsar.EventPublisher - EventPublisher::publishPlainMessage published the event: User created: $ 9
2025-01-26 01:56:19 [pulsar-client-io-1-3] INFO  o.a.p.c.i.ProducerStatsRecorderImpl - Starting Pulsar producer perf with config: {"topicName":"persistent://public/default/jt-raw-topic","producerName":null,"sendTimeoutMs":30000,"blockIfQueueFull":false,"maxPendingMessages":0,"maxPendingMessagesAcrossPartitions":0,"messageRoutingMode":"RoundRobinPartition","hashingScheme":"JavaStringHash","cryptoFailureAction":"FAIL","batchingMaxPublishDelayMicros":1000,"batchingPartitionSwitchFrequencyByPublishDelay":10,"batchingMaxMessages":1000,"batchingMaxBytes":131072,"batchingEnabled":true,"chunkingEnabled":false,"chunkMaxMessageSize":-1,"encryptionKeys":[],"compressionType":"NONE","initialSequenceId":null,"autoUpdatePartitions":true,"autoUpdatePartitionsIntervalSeconds":60,"multiSchema":true,"accessMode":"Shared","lazyStartPartitionedProducers":false,"properties":{},"initialSubscriptionName":null}
2025-01-26 01:56:19 [pulsar-client-io-1-3] INFO  o.a.p.c.i.ProducerStatsRecorderImpl - Pulsar client config: {"serviceUrl":"pulsar://localhost:6650","authPluginClassName":null,"authParams":null,"authParamMap":null,"operationTimeoutMs":30000,"lookupTimeoutMs":30000,"statsIntervalSeconds":60,"numIoThreads":8,"numListenerThreads":8,"connectionsPerBroker":1,"connectionMaxIdleSeconds":180,"useTcpNoDelay":true,"useTls":false,"tlsKeyFilePath":null,"tlsCertificateFilePath":null,"tlsTrustCertsFilePath":null,"tlsAllowInsecureConnection":false,"tlsHostnameVerificationEnable":false,"concurrentLookupRequest":5000,"maxLookupRequest":50000,"maxLookupRedirects":20,"maxNumberOfRejectedRequestPerConnection":50,"keepAliveIntervalSeconds":30,"connectionTimeoutMs":10000,"requestTimeoutMs":60000,"readTimeoutMs":60000,"autoCertRefreshSeconds":300,"initialBackoffIntervalNanos":100000000,"maxBackoffIntervalNanos":60000000000,"enableBusyWait":false,"listenerName":null,"useKeyStoreTls":false,"sslProvider":null,"tlsKeyStoreType":"JKS","tlsKeyStorePath":null,"tlsKeyStorePassword":null,"tlsTrustStoreType":"JKS","tlsTrustStorePath":null,"tlsTrustStorePassword":null,"tlsCiphers":[],"tlsProtocols":[],"memoryLimitBytes":67108864,"proxyServiceUrl":null,"proxyProtocol":null,"enableTransaction":false,"dnsLookupBindAddress":null,"dnsLookupBindPort":0,"socks5ProxyAddress":null,"socks5ProxyUsername":null,"socks5ProxyPassword":null,"description":null}
2025-01-26 01:56:19 [pulsar-client-io-1-3] INFO  o.a.pulsar.client.impl.ProducerImpl - [persistent://public/default/jt-raw-topic] [null] Creating producer on cnx [id: 0xf80e2f16, L:/127.0.0.1:61358 - R:localhost/127.0.0.1:6650]
2025-01-26 01:56:19 [org.springframework.Pulsar.PulsarListenerEndpointContainer#0-0-C-1] INFO  c.personal.crud_pulsar.EventConsumer - EventConsumer::consumeTextEvent consumed events User created: $ 9
2025-01-26 01:56:19 [pulsar-client-io-1-3] INFO  o.a.pulsar.client.impl.ProducerImpl - [persistent://public/default/jt-raw-topic] [standalone-0-3] Created producer on cnx [id: 0xf80e2f16, L:/127.0.0.1:61358 - R:localhost/127.0.0.1:6650]
2025-01-26 01:56:19 [http-nio-9191-exec-8] INFO  c.p.crud_pulsar.EventPublisher - EventPublisher::publishRawMessage published the event: Uttam Gowda 
2025-01-26 01:56:19 [http-nio-9191-exec-8] INFO  c.p.crud_pulsar.HelloController - User with ID: 9 created successfully.
2025-01-26 01:56:19 [org.springframework.Pulsar.PulsarListenerEndpointContainer#1-0-C-1] INFO  c.personal.crud_pulsar.EventConsumer - EventConsumer::consumeRawEvent consumed events {"id":9,"name":"Uttam Gowda "}
2025-01-26 01:56:21 [http-nio-9191-exec-10] INFO  c.p.crud_pulsar.HelloController - Fetching all users
2025-01-26 01:56:21 [http-nio-9191-exec-10] INFO  c.p.crud_pulsar.EventPublisher - EventPublisher::publishPlainMessage published the event: Fetched all users
2025-01-26 01:56:21 [http-nio-9191-exec-1] INFO  c.p.crud_pulsar.HelloController - Fetching all users
2025-01-26 01:56:21 [org.springframework.Pulsar.PulsarListenerEndpointContainer#0-0-C-1] INFO  c.personal.crud_pulsar.EventConsumer - EventConsumer::consumeTextEvent consumed events Fetched all users
2025-01-26 01:56:21 [http-nio-9191-exec-1] INFO  c.p.crud_pulsar.EventPublisher - EventPublisher::publishPlainMessage published the event: Fetched all users
2025-01-26 01:56:21 [org.springframework.Pulsar.PulsarListenerEndpointContainer#0-0-C-1] INFO  c.personal.crud_pulsar.EventConsumer - EventConsumer::consumeTextEvent consumed events Fetched all users
2025-01-26 01:56:42 [SpringApplicationShutdownHook] INFO  o.s.b.w.e.tomcat.GracefulShutdown - Commencing graceful shutdown. Waiting for active requests to complete
2025-01-26 01:56:42 [tomcat-shutdown] INFO  o.s.b.w.e.tomcat.GracefulShutdown - Graceful shutdown complete
2025-01-26 01:56:42 [SpringApplicationShutdownHook] INFO  o.s.p.l.DefaultPulsarMessageListenerContainer - Pausing consumer
2025-01-26 01:56:42 [SpringApplicationShutdownHook] INFO  o.s.p.l.DefaultPulsarMessageListenerContainer - Closing consumer
2025-01-26 01:56:42 [pulsar-client-io-1-3] INFO  o.a.pulsar.client.impl.ConsumerImpl - [persistent://public/default/jt-raw-topic] [my-subscription] Closed consumer
2025-01-26 01:56:42 [SpringApplicationShutdownHook] INFO  o.s.p.l.DefaultPulsarMessageListenerContainer - Pausing consumer
2025-01-26 01:56:42 [SpringApplicationShutdownHook] INFO  o.s.p.l.DefaultPulsarMessageListenerContainer - Closing consumer
2025-01-26 01:56:42 [pulsar-client-io-1-3] INFO  o.a.pulsar.client.impl.ConsumerImpl - [persistent://public/default/jt-plain-topic] [my-subscription] Closed consumer
2025-01-26 01:56:42 [SpringApplicationShutdownHook] INFO  o.a.p.c.i.ProducerStatsRecorderImpl - [persistent://public/default/jt-raw-topic] [standalone-0-3] --- Publish throughput: 0.04 msg/s --- 0.00 Mbit/s --- Latency: med: 36.000 ms - 95pct: 36.000 ms - 99pct: 36.000 ms - 99.9pct: 36.000 ms - max: 36.000 ms --- BatchSize: med: 1.000 - 95pct: 1.000 - 99pct: 1.000 - 99.9pct: 1.000 - max: 1.000 --- MsgSize: med: 30.000 bytes - 95pct: 30.000 bytes - 99pct: 30.000 bytes - 99.9pct: 30.000 bytes - max: 30.000 bytes --- Ack received rate: 0.04 ack/s --- Failed messages: 0 --- Pending messages: 0
2025-01-26 01:56:42 [pulsar-client-io-1-3] INFO  o.a.pulsar.client.impl.ProducerImpl - [persistent://public/default/jt-raw-topic] [standalone-0-3] Closed Producer
2025-01-26 01:56:42 [SpringApplicationShutdownHook] INFO  o.a.p.c.i.ProducerStatsRecorderImpl - [persistent://public/default/jt-plain-topic] [standalone-0-2] --- Publish throughput: 0.09 msg/s --- 0.00 Mbit/s --- Latency: med: 24.000 ms - 95pct: 53.000 ms - 99pct: 53.000 ms - 99.9pct: 53.000 ms - max: 53.000 ms --- BatchSize: med: 1.000 - 95pct: 1.000 - 99pct: 1.000 - 99.9pct: 1.000 - max: 1.000 --- MsgSize: med: 17.000 bytes - 95pct: 17.000 bytes - 99pct: 17.000 bytes - 99.9pct: 17.000 bytes - max: 17.000 bytes --- Ack received rate: 0.09 ack/s --- Failed messages: 0 --- Pending messages: 0
2025-01-26 01:56:42 [pulsar-client-io-1-3] INFO  o.a.pulsar.client.impl.ProducerImpl - [persistent://public/default/jt-plain-topic] [standalone-0-2] Closed Producer
2025-01-26 01:56:42 [SpringApplicationShutdownHook] INFO  o.a.p.client.impl.PulsarClientImpl - Client closing. URL: pulsar://localhost:6650
2025-01-26 01:56:42 [pulsar-client-io-1-3] INFO  o.a.pulsar.client.impl.ClientCnx - [id: 0xf80e2f16, L:/127.0.0.1:61358 ! R:localhost/127.0.0.1:6650] Disconnected
2025-01-26 01:56:44 [SpringApplicationShutdownHook] INFO  o.s.o.j.LocalContainerEntityManagerFactoryBean - Closing JPA EntityManagerFactory for persistence unit 'default'
2025-01-26 01:56:44 [SpringApplicationShutdownHook] INFO  com.zaxxer.hikari.HikariDataSource - HikariPool-1 - Shutdown initiated...
2025-01-26 01:56:44 [SpringApplicationShutdownHook] INFO  com.zaxxer.hikari.HikariDataSource - HikariPool-1 - Shutdown completed.
